ISTEP,IPOWER,TIME2,DT,PHI,PERIOD,PINTG,POWDK,Net,Program,Doppler,Axial,Radial,CRDL,Coolant,Fuel,Clad,
1,0, 0.50000000E+000, 0.50000000E+000, 0.10000224E+001, 0.67052486E-004, 0.50000538E+000, 0.54682613E-001, 0.20734504E-004, 0.00000000E+000,-0.11415737E-005, 0.00000000E+000, 0.00000000E+000,-0.11672953E-010, 0.21876089E-004, 0.00000000E+000, 0.00000000E+000,
2,0, 0.10000000E+001, 0.50000000E+000, 0.10000614E+001, 0.94779233E-004, 0.10000255E+001, 0.54682689E-001, 0.53817427E-004, 0.00000000E+000,-0.65419708E-005,-0.27250373E-005,-0.13499718E-005, 0.40502320E-010, 0.64434367E-004, 0.00000000E+000, 0.00000000E+000,
3,0, 0.15000000E+001, 0.50000000E+000, 0.10001043E+001, 0.89534964E-004, 0.15000668E+001, 0.54682831E-001, 0.85212957E-004, 0.00000000E+000,-0.15470695E-004,-0.95253174E-005,-0.44823097E-005,-0.30670953E-007, 0.11472195E-003, 0.00000000E+000, 0.00000000E+000,
4,0, 0.20000000E+001, 0.50000000E+000, 0.10001517E+001, 0.99301606E-004, 0.20001306E+001, 0.54683034E-001, 0.11697454E-003, 0.00000000E+000,-0.26326797E-004,-0.18375455E-004,-0.95574508E-005,-0.19729772E-006, 0.17143154E-003, 0.00000000E+000, 0.00000000E+000,
5,0, 0.25000000E+001, 0.50000000E+000, 0.10001956E+001, 0.84442160E-004, 0.25002176E+001, 0.54683291E-001, 0.14174223E-003, 0.00000000E+000,-0.38440661E-004,-0.28414400E-004,-0.15944009E-004,-0.64769501E-006, 0.22518899E-003, 0.00000000E+000, 0.00000000E+000,
6,0, 0.30000000E+001, 0.50000000E+000, 0.10002355E+001, 0.75814864E-004, 0.30003255E+001, 0.54683585E-001, 0.16061127E-003, 0.00000000E+000,-0.50277285E-004,-0.38540336E-004,-0.22819187E-004,-0.15214486E-005, 0.27376952E-003, 0.00000000E+000, 0.00000000E+000,
7,0, 0.35000000E+001, 0.50000000E+000, 0.10002698E+001, 0.62860500E-004, 0.35004520E+001, 0.54683903E-001, 0.17296163E-003, 0.00000000E+000,-0.61251424E-004,-0.47801353E-004,-0.29495819E-004,-0.29390995E-005, 0.31444933E-003, 0.00000000E+000, 0.00000000E+000,
8,0, 0.40000000E+001, 0.50000000E+000, 0.10002987E+001, 0.52430653E-004, 0.40005944E+001, 0.54684233E-001, 0.18005863E-003, 0.00000000E+000,-0.70822677E-004,-0.55845024E-004,-0.35454969E-004,-0.49820516E-005, 0.34716335E-003, 0.00000000E+000, 0.00000000E+000,
9,0, 0.45000000E+001, 0.50000000E+000, 0.10003215E+001, 0.39414858E-004, 0.45007496E+001, 0.54684564E-001, 0.18179471E-003, 0.00000000E+000,-0.78820848E-004,-0.62442354E-004,-0.40387648E-004,-0.76867652E-005, 0.37113233E-003, 0.00000000E+000, 0.00000000E+000,
10,0, 0.50000000E+001, 0.50000000E+000, 0.10003384E+001, 0.27872319E-004, 0.50009148E+001, 0.54684887E-001, 0.17904141E-003, 0.00000000E+000,-0.85073361E-004,-0.67526219E-004,-0.44140145E-004,-0.11053014E-004, 0.38683415E-003, 0.00000000E+000, 0.00000000E+000,
11,0, 0.55000000E+001, 0.50000000E+000, 0.10003492E+001, 0.15495249E-004, 0.55010869E+001, 0.54685193E-001, 0.17204693E-003, 0.00000000E+000,-0.89591086E-004,-0.71073238E-004,-0.46682070E-004,-0.15047940E-004, 0.39444126E-003, 0.00000000E+000, 0.00000000E+000,
12,0, 0.60000000E+001, 0.50000000E+000, 0.10003542E+001, 0.43029591E-005, 0.60012629E+001, 0.54685476E-001, 0.16153617E-003, 0.00000000E+000,-0.92390453E-004,-0.73148011E-004,-0.48085907E-004,-0.19614639E-004, 0.39477517E-003, 0.00000000E+000, 0.00000000E+000,
13,0, 0.65000000E+001, 0.50000000E+000, 0.10003537E+001,-0.65581993E-005, 0.65014401E+001, 0.54685731E-001, 0.14799182E-003, 0.00000000E+000,-0.93584147E-004,-0.73842959E-004,-0.48460938E-004,-0.24677466E-004, 0.38855733E-003, 0.00000000E+000, 0.00000000E+000,
14,0, 0.70000000E+001, 0.50000000E+000, 0.10003481E+001,-0.16176187E-004, 0.70016157E+001, 0.54685952E-001, 0.13209060E-003, 0.00000000E+000,-0.93297419E-004,-0.73301543E-004,-0.47964473E-004,-0.30148611E-004, 0.37680265E-003, 0.00000000E+000, 0.00000000E+000,
15,0, 0.75000000E+001, 0.50000000E+000, 0.10003380E+001,-0.24751235E-004, 0.75017874E+001, 0.54686138E-001, 0.11442661E-003, 0.00000000E+000,-0.91703176E-004,-0.71681140E-004,-0.46728609E-004,-0.35933011E-004, 0.36047255E-003, 0.00000000E+000, 0.00000000E+000,
16,0, 0.80000000E+001, 0.50000000E+000, 0.10003240E+001,-0.32017098E-004, 0.80019530E+001, 0.54686286E-001, 0.95612550E-004, 0.00000000E+000,-0.88982636E-004,-0.69161698E-004,-0.44903009E-004,-0.41932916E-004, 0.34059281E-003, 0.00000000E+000, 0.00000000E+000,
17,0, 0.85000000E+001, 0.50000000E+000, 0.10003066E+001,-0.38027855E-004, 0.85021107E+001, 0.54686396E-001, 0.76198552E-004, 0.00000000E+000,-0.85330070E-004,-0.65920667E-004,-0.42595170E-004,-0.48051830E-004, 0.31809629E-003, 0.00000000E+000, 0.00000000E+000,
18,0, 0.90000000E+001, 0.50000000E+000, 0.10002865E+001,-0.42896663E-004, 0.90022591E+001, 0.54686468E-001, 0.56644242E-004, 0.00000000E+000,-0.80933579E-004,-0.62133343E-004,-0.39926710E-004,-0.54197452E-004, 0.29383532E-003, 0.00000000E+000, 0.00000000E+000,
19,0, 0.95000000E+001, 0.50000000E+000, 0.10002643E+001,-0.46701296E-004, 0.95023968E+001, 0.54686503E-001, 0.37332131E-004, 0.00000000E+000,-0.75968761E-004,-0.57956274E-004,-0.36989543E-004,-0.60284390E-004, 0.26853110E-003, 0.00000000E+000, 0.00000000E+000,
20,0, 0.10000000E+002, 0.50000000E+000, 0.10002403E+001,-0.49620626E-004, 0.10002523E+002, 0.54686502E-001, 0.18546032E-004, 0.00000000E+000,-0.70592158E-004,-0.53527777E-004,-0.33870861E-004,-0.66235715E-004, 0.24277254E-003, 0.00000000E+000, 0.00000000E+000,
21,0, 0.10500000E+002, 0.50000000E+000, 0.10002150E+001,-0.51743796E-004, 0.10502637E+002, 0.54686468E-001, 0.50373532E-006, 0.00000000E+000,-0.64937985E-004,-0.48960156E-004,-0.30641088E-004,-0.71984358E-004, 0.21702732E-003, 0.00000000E+000, 0.00000000E+000,
22,0, 0.11000000E+002, 0.50000000E+000, 0.10001889E+001,-0.53276591E-004, 0.11002738E+002, 0.54686403E-001,-0.16667233E-004, 0.00000000E+000,-0.59118170E-004,-0.44345152E-004,-0.27368954E-004,-0.77473451E-004, 0.19163849E-003, 0.00000000E+000, 0.00000000E+000,
23,0, 0.11500000E+002, 0.50000000E+000, 0.10084048E+001, 0.24568651E-001, 0.11477364E+002, 0.54693329E-001, 0.77040721E-002, 0.75631769E-002,-0.21499981E-003,-0.39750524E-004,-0.28445873E-004,-0.82656552E-004, 0.50674799E-003, 0.00000000E+000, 0.00000000E+000,
24,0, 0.12000000E+002, 0.50000000E+000, 0.10190695E+001, 0.23379910E-001, 0.11956845E+002, 0.54718301E-001, 0.16048614E-001, 0.15126354E-001,-0.83703264E-003,-0.11736851E-003,-0.56986549E-004,-0.87497131E-004, 0.20211447E-002, 0.00000000E+000, 0.00000000E+000,
25,0, 0.12500000E+002, 0.50000000E+000, 0.10318818E+001, 0.26962408E-001, 0.12442229E+002, 0.54761139E-001, 0.24950319E-001, 0.22689531E-001,-0.18251676E-002,-0.46776496E-003,-0.15977765E-003,-0.92437532E-004, 0.48059362E-002, 0.00000000E+000, 0.00000000E+000,
26,0, 0.13000000E+002, 0.50000000E+000, 0.10464592E+001, 0.29590153E-001, 0.12934561E+002, 0.54822713E-001, 0.33983986E-001, 0.30252708E-001,-0.31567248E-002,-0.10876887E-002,-0.38244642E-003,-0.10027785E-003, 0.84584164E-002, 0.00000000E+000, 0.00000000E+000,
27,0, 0.13500000E+002, 0.50000000E+000, 0.10628956E+001, 0.32725748E-001, 0.13434818E+002, 0.54903469E-001, 0.43224451E-001, 0.37815884E-001,-0.47603271E-002,-0.19084017E-002,-0.75300932E-003,-0.11787707E-003, 0.12948182E-001, 0.00000000E+000, 0.00000000E+000,
28,0, 0.14000000E+002, 0.50000000E+000, 0.10811168E+001, 0.35408338E-001, 0.13944130E+002, 0.55004072E-001, 0.52538631E-001, 0.45379061E-001,-0.66409421E-002,-0.29103203E-002,-0.12869704E-002,-0.15500154E-003, 0.18152804E-001, 0.00000000E+000, 0.00000000E+000,
29,0, 0.14500000E+002, 0.50000000E+000, 0.11012413E+001, 0.38332797E-001, 0.14463829E+002, 0.55125177E-001, 0.61970136E-001, 0.52942238E-001,-0.87603983E-002,-0.40721922E-002,-0.19930541E-002,-0.22245640E-003, 0.24075999E-001, 0.00000000E+000, 0.00000000E+000,
30,0, 0.15000000E+002, 0.50000000E+000, 0.11233074E+001, 0.41074547E-001, 0.14995740E+002, 0.55267640E-001, 0.71461262E-001, 0.60505415E-001,-0.11131970E-001,-0.53942188E-002,-0.28760425E-002,-0.33164091E-003, 0.30689719E-001, 0.00000000E+000, 0.00000000E+000,
31,0, 0.15500000E+002, 0.50000000E+000, 0.11474670E+001, 0.43999170E-001, 0.15542596E+002, 0.55432419E-001, 0.81044445E-001, 0.68068592E-001,-0.13745359E-001,-0.68676111E-002,-0.39391849E-002,-0.49419926E-003, 0.38022207E-001, 0.00000000E+000, 0.00000000E+000,
32,0, 0.16000000E+002, 0.50000000E+000, 0.11738793E+001, 0.46991498E-001, 0.16102022E+002, 0.55620723E-001, 0.90728588E-001, 0.75631769E-001,-0.16608751E-001,-0.85020968E-002,-0.51857395E-002,-0.72316206E-003, 0.46116569E-001, 0.00000000E+000, 0.00000000E+000,
33,0, 0.16500000E+002, 0.50000000E+000, 0.12027119E+001, 0.50038112E-001, 0.16671692E+002, 0.55833947E-001, 0.10051002E+000, 0.83194946E-001,-0.19700154E-001,-0.10302155E-001,-0.66196438E-002,-0.10293901E-002, 0.54966413E-001, 0.00000000E+000, 0.00000000E+000,
34,0, 0.17000000E+002, 0.50000000E+000, 0.12341236E+001, 0.53081422E-001, 0.17259819E+002, 0.56073649E-001, 0.11036533E+000, 0.90758123E-001,-0.23065880E-001,-0.12269072E-001,-0.82460352E-002,-0.14258097E-002, 0.64614006E-001, 0.00000000E+000, 0.00000000E+000,
35,0, 0.17500000E+002, 0.50000000E+000, 0.12684346E+001, 0.56485380E-001, 0.17860750E+002, 0.56341643E-001, 0.12036481E+000, 0.98321300E-001,-0.26692602E-001,-0.14412264E-001,-0.10073081E-001,-0.19224501E-002, 0.75143903E-001, 0.00000000E+000, 0.00000000E+000,
36,0, 0.18000000E+002, 0.50000000E+000, 0.13059112E+001, 0.59929850E-001, 0.18479494E+002, 0.56640121E-001, 0.13050002E+000, 0.10588448E+000,-0.30591768E-001,-0.16747119E-001,-0.12109436E-001,-0.25307406E-002, 0.86594604E-001, 0.00000000E+000, 0.00000000E+000,
37,0, 0.18500000E+002, 0.50000000E+000, 0.13469618E+001, 0.63734109E-001, 0.19115044E+002, 0.56971601E-001, 0.14082857E+000, 0.11344765E+000,-0.34785739E-001,-0.19278762E-001,-0.14365229E-001,-0.32615914E-002, 0.99072239E-001, 0.00000000E+000, 0.00000000E+000,
38,0, 0.19000000E+002, 0.50000000E+000, 0.13919802E+001, 0.67676823E-001, 0.19772821E+002, 0.57339068E-001, 0.15135307E+000, 0.12101083E+000,-0.39314056E-001,-0.22034731E-001,-0.16853294E-001,-0.41260619E-002, 0.11267039E+000, 0.00000000E+000, 0.00000000E+000,
39,0, 0.19500000E+002, 0.50000000E+000, 0.14415626E+001, 0.72125245E-001, 0.20455843E+002, 0.57746016E-001, 0.16215362E+000, 0.12857401E+000,-0.44219957E-001,-0.25033671E-001,-0.19589364E-001,-0.51355930E-002, 0.12755820E+000, 0.00000000E+000, 0.00000000E+000,
40,0, 0.20000000E+002, 0.50000000E+000, 0.14962131E+001, 0.76628483E-001, 0.21168348E+002, 0.58196562E-001, 0.17319574E+000, 0.13613718E+000,-0.49534975E-001,-0.28304921E-001,-0.22588534E-001,-0.63024513E-002, 0.14378944E+000, 0.00000000E+000, 0.00000000E+000,
41,0, 0.20100000E+002, 0.10000000E+000, 0.15026246E+001, 0.37483957E-001, 0.21315395E+002, 0.58291158E-001, 0.17259305E+000, 0.13764982E+000,-0.50655633E-001,-0.31870240E-001,-0.23221793E-001,-0.65444629E-002, 0.14723536E+000, 0.00000000E+000, 0.00000000E+000,
42,0, 0.20200000E+002, 0.10000000E+000, 0.15139462E+001, 0.91213843E-001, 0.21460391E+002, 0.58386297E-001, 0.17481840E+000, 0.13916245E+000,-0.51712756E-001,-0.32630579E-001,-0.23866882E-001,-0.67951571E-002, 0.15066131E+000, 0.00000000E+000, 0.00000000E+000,
43,0, 0.20300000E+002, 0.10000000E+000, 0.15253936E+001, 0.75461589E-001, 0.21606880E+002, 0.58483624E-001, 0.17693243E+000, 0.14067509E+000,-0.52827143E-001,-0.33374019E-001,-0.24523792E-001,-0.70545678E-002, 0.15403687E+000, 0.00000000E+000, 0.00000000E+000,
44,0, 0.20400000E+002, 0.10000000E+000, 0.15370818E+001, 0.76834304E-001, 0.21754331E+002, 0.58582861E-001, 0.17905728E+000, 0.14218773E+000,-0.53968816E-001,-0.34120989E-001,-0.25192335E-001,-0.73227299E-002, 0.15747442E+000, 0.00000000E+000, 0.00000000E+000,
45,0, 0.20500000E+002, 0.10000000E+000, 0.15490499E+001, 0.78175350E-001, 0.21903139E+002, 0.58684052E-001, 0.18121353E+000, 0.14370036E+000,-0.55126693E-001,-0.34887264E-001,-0.25872351E-001,-0.75996847E-002, 0.16099916E+000, 0.00000000E+000, 0.00000000E+000,
46,0, 0.20600000E+002, 0.10000000E+000, 0.15612990E+001, 0.79364889E-001, 0.22053515E+002, 0.58787252E-001, 0.18339857E+000, 0.14521300E+000,-0.56303276E-001,-0.35666972E-001,-0.26563969E-001,-0.78854748E-002, 0.16460527E+000, 0.00000000E+000, 0.00000000E+000,
47,0, 0.20700000E+002, 0.10000000E+000, 0.15738359E+001, 0.80584435E-001, 0.22205857E+002, 0.58892519E-001, 0.18561227E+000, 0.14672563E+000,-0.57496105E-001,-0.36469154E-001,-0.27267308E-001,-0.81801451E-002, 0.16829935E+000, 0.00000000E+000, 0.00000000E+000,
48,0, 0.20800000E+002, 0.10000000E+000, 0.15866415E+001, 0.81564865E-001, 0.22360933E+002, 0.58999907E-001, 0.18784044E+000, 0.14823827E+000,-0.58720185E-001,-0.37286541E-001,-0.27982478E-001,-0.84837426E-002, 0.17207512E+000, 0.00000000E+000, 0.00000000E+000,
49,0, 0.20900000E+002, 0.10000000E+000, 0.15997485E+001, 0.82886543E-001, 0.22520250E+002, 0.59109468E-001, 0.19009696E+000, 0.14975090E+000,-0.59964030E-001,-0.38124978E-001,-0.28709663E-001,-0.87963189E-002, 0.17594105E+000, 0.00000000E+000, 0.00000000E+000,
50,0, 0.21000000E+002, 0.10000000E+000, 0.16131652E+001, 0.84142040E-001, 0.22680893E+002, 0.59221266E-001, 0.19238081E+000, 0.15126354E+000,-0.61224923E-001,-0.38982259E-001,-0.29449180E-001,-0.91179302E-002, 0.17989157E+000, 0.00000000E+000, 0.00000000E+000,
51,0, 0.21100000E+002, 0.10000000E+000, 0.16268337E+001, 0.84801803E-001, 0.22842891E+002, 0.59335354E-001, 0.19465853E+000, 0.15277617E+000,-0.62540322E-001,-0.39858359E-001,-0.30201435E-001,-0.94486344E-002, 0.18393111E+000, 0.00000000E+000, 0.00000000E+000,
52,0, 0.21200000E+002, 0.10000000E+000, 0.16408483E+001, 0.86479390E-001, 0.23006272E+002, 0.59451781E-001, 0.19697547E+000, 0.15428881E+000,-0.63847476E-001,-0.40755056E-001,-0.30966795E-001,-0.97884959E-002, 0.18804448E+000, 0.00000000E+000, 0.00000000E+000,
53,0, 0.21300000E+002, 0.10000000E+000, 0.16551651E+001, 0.87422016E-001, 0.23171070E+002, 0.59570620E-001, 0.19930317E+000, 0.15580144E+000,-0.65173726E-001,-0.41663599E-001,-0.31745542E-001,-0.10137584E-001, 0.19222218E+000, 0.00000000E+000, 0.00000000E+000,
54,0, 0.21400000E+002, 0.10000000E+000, 0.16698642E+001, 0.89186031E-001, 0.23337319E+002, 0.59691935E-001, 0.20167705E+000, 0.15731408E+000,-0.66507717E-001,-0.42586027E-001,-0.32537869E-001,-0.10495975E-001, 0.19649056E+000, 0.00000000E+000, 0.00000000E+000,
55,0, 0.21500000E+002, 0.10000000E+000, 0.16848584E+001, 0.89880511E-001, 0.23505052E+002, 0.59815801E-001, 0.20404802E+000, 0.15882671E+000,-0.67850640E-001,-0.43533510E-001,-0.33343952E-001,-0.10863752E-001, 0.20081316E+000, 0.00000000E+000, 0.00000000E+000,
56,0, 0.21600000E+002, 0.10000000E+000, 0.17000396E+001, 0.89854225E-001, 0.23674296E+002, 0.59942236E-001, 0.20636434E+000, 0.16033935E+000,-0.69247360E-001,-0.44486534E-001,-0.34164044E-001,-0.11241001E-001, 0.20516393E+000, 0.00000000E+000, 0.00000000E+000,
57,0, 0.21700000E+002, 0.10000000E+000, 0.17156282E+001, 0.92066450E-001, 0.23845076E+002, 0.60071275E-001, 0.20873155E+000, 0.16185199E+000,-0.70673260E-001,-0.45449525E-001,-0.34998337E-001,-0.11627811E-001, 0.20962850E+000, 0.00000000E+000, 0.00000000E+000,
58,0, 0.21800000E+002, 0.10000000E+000, 0.17316807E+001, 0.94058120E-001, 0.24014432E+002, 0.60203037E-001, 0.21116483E+000, 0.16336462E+000,-0.72129121E-001,-0.46444503E-001,-0.35846912E-001,-0.12024274E-001, 0.21424502E+000, 0.00000000E+000, 0.00000000E+000,
59,0, 0.21900000E+002, 0.10000000E+000, 0.17481742E+001, 0.95626713E-001, 0.24183903E+002, 0.60337631E-001, 0.21364380E+000, 0.16487726E+000,-0.73605285E-001,-0.47471093E-001,-0.36710106E-001,-0.12430490E-001, 0.21898352E+000, 0.00000000E+000, 0.00000000E+000,
60,0, 0.22000000E+002, 0.10000000E+000, 0.17651264E+001, 0.97358457E-001, 0.24356545E+002, 0.60475159E-001, 0.21616928E+000, 0.16638989E+000,-0.75096997E-001,-0.48523665E-001,-0.37588543E-001,-0.12846560E-001, 0.22383515E+000, 0.00000000E+000, 0.00000000E+000,
61,0, 0.22100000E+002, 0.10000000E+000, 0.17824373E+001, 0.98138519E-001, 0.24533921E+002, 0.60615702E-001, 0.21868969E+000, 0.16790253E+000,-0.76657681E-001,-0.49598974E-001,-0.38482744E-001,-0.13272586E-001, 0.22879915E+000, 0.00000000E+000, 0.00000000E+000,
62,0, 0.22200000E+002, 0.10000000E+000, 0.18002695E+001, 0.10052355E+000, 0.24713052E+002, 0.60759341E-001, 0.22127376E+000, 0.16941516E+000,-0.78221960E-001,-0.50699994E-001,-0.39393092E-001,-0.13708677E-001, 0.23388232E+000, 0.00000000E+000, 0.00000000E+000,
63,0, 0.22300000E+002, 0.10000000E+000, 0.18185566E+001, 0.10182745E+000, 0.24888096E+002, 0.60906195E-001, 0.22388080E+000, 0.17092780E+000,-0.79807447E-001,-0.51830116E-001,-0.40320001E-001,-0.14154952E-001, 0.23906552E+000, 0.00000000E+000, 0.00000000E+000,
64,0, 0.22400000E+002, 0.10000000E+000, 0.18372392E+001, 0.10278016E+000, 0.25065166E+002, 0.61056340E-001, 0.22648237E+000, 0.17244043E+000,-0.81435510E-001,-0.52981148E-001,-0.41263863E-001,-0.14611537E-001, 0.24433399E+000, 0.00000000E+000, 0.00000000E+000,
65,0, 0.22500000E+002, 0.10000000E+000, 0.18563991E+001, 0.10451515E+000, 0.25244496E+002, 0.61209848E-001, 0.22910912E+000, 0.17395307E+000,-0.83127547E-001,-0.54154730E-001,-0.42225082E-001,-0.15078562E-001, 0.24974197E+000, 0.00000000E+000, 0.00000000E+000,
66,0, 0.22600000E+002, 0.10000000E+000, 0.18761691E+001, 0.10702634E+000, 0.25426524E+002, 0.61366846E-001, 0.23180794E+000, 0.17546570E+000,-0.84850296E-001,-0.55366826E-001,-0.43204156E-001,-0.15556167E-001, 0.25531968E+000, 0.00000000E+000, 0.00000000E+000,
67,0, 0.22700000E+002, 0.10000000E+000, 0.18965605E+001, 0.10918406E+000, 0.25612085E+002, 0.61527493E-001, 0.23457065E+000, 0.17697834E+000,-0.86607186E-001,-0.56613182E-001,-0.44201554E-001,-0.16044501E-001, 0.26105873E+000, 0.00000000E+000, 0.00000000E+000,
68,0, 0.22800000E+002, 0.10000000E+000, 0.19176206E+001, 0.11159681E+000, 0.25802788E+002, 0.61691942E-001, 0.23740498E+000, 0.17849097E+000,-0.88388483E-001,-0.57895802E-001,-0.45217681E-001,-0.16543715E-001, 0.26695969E+000, 0.00000000E+000, 0.00000000E+000,
69,0, 0.22900000E+002, 0.10000000E+000, 0.19393039E+001, 0.11344340E+000, 0.25995629E+002, 0.61860348E-001, 0.24028073E+000, 0.18000361E+000,-0.90220517E-001,-0.59210635E-001,-0.46253013E-001,-0.17053971E-001, 0.27301525E+000, 0.00000000E+000, 0.00000000E+000,
70,0, 0.23000000E+002, 0.10000000E+000, 0.19615910E+001, 0.11518253E+000, 0.26190669E+002, 0.62032836E-001, 0.24318206E+000, 0.18151625E+000,-0.92096731E-001,-0.60561786E-001,-0.47308095E-001,-0.17575444E-001, 0.27920787E+000, 0.00000000E+000, 0.00000000E+000,
71,0, 0.23100000E+002, 0.10000000E+000, 0.19844753E+001, 0.11684570E+000, 0.26382144E+002, 0.62209527E-001, 0.24609851E+000, 0.18302888E+000,-0.94012714E-001,-0.61943212E-001,-0.48383563E-001,-0.18108302E-001, 0.28551742E+000, 0.00000000E+000, 0.00000000E+000,
72,0, 0.23200000E+002, 0.10000000E+000, 0.20080381E+001, 0.11906154E+000, 0.26576314E+002, 0.62390548E-001, 0.24905510E+000, 0.18454152E+000,-0.95999631E-001,-0.63363142E-001,-0.49480146E-001,-0.18652731E-001, 0.29200924E+000, 0.00000000E+000, 0.00000000E+000,
73,0, 0.23300000E+002, 0.10000000E+000, 0.20324890E+001, 0.12252597E+000, 0.26773648E+002, 0.62576094E-001, 0.25211726E+000, 0.18605415E+000,-0.98003764E-001,-0.64824326E-001,-0.50598569E-001,-0.19208921E-001, 0.29869869E+000, 0.00000000E+000, 0.00000000E+000,
74,0, 0.23400000E+002, 0.10000000E+000, 0.20574632E+001, 0.12267431E+000, 0.26975010E+002, 0.62766332E-001, 0.25513482E+000, 0.18756679E+000,-0.10008260E+000,-0.66327895E-001,-0.51739521E-001,-0.19777078E-001, 0.30549513E+000, 0.00000000E+000, 0.00000000E+000,
75,0, 0.23500000E+002, 0.10000000E+000, 0.20832197E+001, 0.12555019E+000, 0.27182038E+002, 0.62961357E-001, 0.25820194E+000, 0.18907942E+000,-0.10220526E+000,-0.67861364E-001,-0.52903854E-001,-0.20357407E-001, 0.31245040E+000, 0.00000000E+000, 0.00000000E+000,
76,0, 0.23600000E+002, 0.10000000E+000, 0.21099849E+001, 0.12928815E+000, 0.27391689E+002, 0.63161402E-001, 0.26138327E+000, 0.19059206E+000,-0.10437194E+000,-0.69424720E-001,-0.54091796E-001,-0.20950131E-001, 0.31962979E+000, 0.00000000E+000, 0.00000000E+000,
77,0, 0.23700000E+002, 0.10000000E+000, 0.21377747E+001, 0.13243860E+000, 0.27597940E+002, 0.63366747E-001, 0.26466134E+000, 0.19210469E+000,-0.10662988E+000,-0.71045715E-001,-0.55302968E-001,-0.21555479E-001, 0.32709069E+000, 0.00000000E+000, 0.00000000E+000,
78,0, 0.23800000E+002, 0.10000000E+000, 0.21668115E+001, 0.13694666E+000, 0.27807209E+002, 0.63577690E-001, 0.26809414E+000, 0.19361733E+000,-0.10893372E+000,-0.72736022E-001,-0.56538159E-001,-0.22173691E-001, 0.33485840E+000, 0.00000000E+000, 0.00000000E+000,
79,0, 0.23900000E+002, 0.10000000E+000, 0.21969178E+001, 0.13952285E+000, 0.28019815E+002, 0.63794550E-001, 0.27159521E+000, 0.19512996E+000,-0.11129641E+000,-0.74495372E-001,-0.57799015E-001,-0.22805003E-001, 0.34286105E+000, 0.00000000E+000, 0.00000000E+000,
80,0, 0.24000000E+002, 0.10000000E+000, 0.22281452E+001, 0.14271837E+000, 0.28236268E+002, 0.64017575E-001, 0.27516697E+000, 0.19664260E+000,-0.11376136E+000,-0.76305965E-001,-0.59086985E-001,-0.23449668E-001, 0.35112835E+000, 0.00000000E+000, 0.00000000E+000,
81,0, 0.24100000E+002, 0.10000000E+000, 0.22608005E+001, 0.14767169E+000, 0.28457499E+002, 0.64247089E-001, 0.27888917E+000, 0.19815523E+000,-0.11633615E+000,-0.78186658E-001,-0.60403958E-001,-0.24107949E-001, 0.35976865E+000, 0.00000000E+000, 0.00000000E+000,
82,0, 0.24200000E+002, 0.10000000E+000, 0.22948283E+001, 0.15133853E+000, 0.28685269E+002, 0.64483484E-001, 0.28271489E+000, 0.19966787E+000,-0.11894515E+000,-0.80181015E-001,-0.61751833E-001,-0.24780134E-001, 0.36870515E+000, 0.00000000E+000, 0.00000000E+000,
83,0, 0.24300000E+002, 0.10000000E+000, 0.23300085E+001, 0.15351272E+000, 0.28910243E+002, 0.64727053E-001, 0.28655393E+000, 0.20118051E+000,-0.12166002E+000,-0.82225767E-001,-0.63132917E-001,-0.25466520E-001, 0.37785865E+000, 0.00000000E+000, 0.00000000E+000,
84,0, 0.24400000E+002, 0.10000000E+000, 0.23671802E+001, 0.16134422E+000, 0.29139006E+002, 0.64978182E-001, 0.29064616E+000, 0.20269314E+000,-0.12451002E+000,-0.84321011E-001,-0.64547733E-001,-0.26167435E-001, 0.38749922E+000, 0.00000000E+000, 0.00000000E+000,
85,0, 0.24500000E+002, 0.10000000E+000, 0.24062223E+001, 0.16624000E+000, 0.29371965E+002, 0.65237483E-001, 0.29490502E+000, 0.20420578E+000,-0.12743296E+000,-0.86544864E-001,-0.65996189E-001,-0.26883232E-001, 0.39755648E+000, 0.00000000E+000, 0.00000000E+000,
86,0, 0.24600000E+002, 0.10000000E+000, 0.24467954E+001, 0.16902496E+000, 0.29609702E+002, 0.65505383E-001, 0.29920111E+000, 0.20571841E+000,-0.13046696E+000,-0.88841974E-001,-0.67480769E-001,-0.27614279E-001, 0.40788668E+000, 0.00000000E+000, 0.00000000E+000,
87,0, 0.24700000E+002, 0.10000000E+000, 0.24895018E+001, 0.17594565E+000, 0.29853220E+002, 0.65782318E-001, 0.30368480E+000, 0.20723105E+000,-0.13357455E+000,-0.91221529E-001,-0.69004219E-001,-0.28360953E-001, 0.41861501E+000, 0.00000000E+000, 0.00000000E+000,
88,0, 0.24800000E+002, 0.10000000E+000, 0.25346159E+001, 0.18287574E+000, 0.30104405E+002, 0.66068962E-001, 0.30838593E+000, 0.20874368E+000,-0.13681797E+000,-0.93699364E-001,-0.70569368E-001,-0.29123648E-001, 0.42985259E+000, 0.00000000E+000, 0.00000000E+000,
89,0, 0.24900000E+002, 0.10000000E+000, 0.25825518E+001, 0.19124032E+000, 0.30353670E+002, 0.66366083E-001, 0.31336075E+000, 0.21025632E+000,-0.14019192E+000,-0.96307673E-001,-0.72177909E-001,-0.29902778E-001, 0.44168472E+000, 0.00000000E+000, 0.00000000E+000,
90,0, 0.25000000E+002, 0.10000000E+000, 0.26329976E+001, 0.19649568E+000, 0.30607878E+002, 0.66674460E-001, 0.31847273E+000, 0.21176895E+000,-0.14373138E+000,-0.99036984E-001,-0.73832584E-001,-0.30698786E-001, 0.45400351E+000, 0.00000000E+000, 0.00000000E+000,
91,0, 0.25100000E+002, 0.10000000E+000, 0.26864362E+001, 0.20466233E+000, 0.30867350E+002, 0.66994817E-001, 0.32380184E+000, 0.21328159E+000,-0.14740195E+000,-0.10188132E+000,-0.75537017E-001,-0.31512140E-001, 0.46685269E+000, 0.00000000E+000, 0.00000000E+000,
92,0, 0.25200000E+002, 0.10000000E+000, 0.27437111E+001, 0.21597671E+000, 0.31132528E+002, 0.67328174E-001, 0.32949219E+000, 0.21479422E+000,-0.15118708E+000,-0.10486692E+000,-0.77295768E-001,-0.32343316E-001, 0.48039106E+000, 0.00000000E+000, 0.00000000E+000,
93,0, 0.25300000E+002, 0.10000000E+000, 0.28043830E+001, 0.22260208E+000, 0.31404000E+002, 0.67675642E-001, 0.33535433E+000, 0.21630686E+000,-0.15517253E+000,-0.10801203E+000,-0.79112886E-001,-0.33192812E-001, 0.49453773E+000, 0.00000000E+000, 0.00000000E+000,
94,0, 0.25400000E+002, 0.10000000E+000, 0.28700768E+001, 0.23796795E+000, 0.31682593E+002, 0.68038417E-001, 0.34170057E+000, 0.21781949E+000,-0.15935759E+000,-0.11130404E+000,-0.80993140E-001,-0.34061148E-001, 0.50959700E+000, 0.00000000E+000, 0.00000000E+000,
95,0, 0.25500000E+002, 0.10000000E+000, 0.29420446E+001, 0.25571412E+000, 0.31968030E+002, 0.68418396E-001, 0.34867826E+000, 0.21933213E+000,-0.16383405E+000,-0.11483367E+000,-0.82942534E-001,-0.34948860E-001, 0.52590525E+000, 0.00000000E+000, 0.00000000E+000,
96,0, 0.25600000E+002, 0.10000000E+000, 0.30203586E+001, 0.27023131E+000, 0.32259448E+002, 0.68817672E-001, 0.35614399E+000, 0.22084477E+000,-0.16851764E+000,-0.11866099E+000,-0.84969490E-001,-0.35856528E-001, 0.54330388E+000, 0.00000000E+000, 0.00000000E+000,
97,0, 0.25700000E+002, 0.10000000E+000, 0.31056805E+001, 0.28650582E+000, 0.32559219E+002, 0.69238312E-001, 0.36409380E+000, 0.22235740E+000,-0.17333643E+000,-0.12276198E+000,-0.87084801E-001,-0.36784795E-001, 0.56170440E+000, 0.00000000E+000, 0.00000000E+000,
98,0, 0.25800000E+002, 0.10000000E+000, 0.31999885E+001, 0.30942892E+000, 0.32867694E+002, 0.69682864E-001, 0.37275398E+000, 0.22387004E+000,-0.17832636E+000,-0.12706596E+000,-0.89298524E-001,-0.37734381E-001, 0.58130917E+000, 0.00000000E+000, 0.00000000E+000,
99,0, 0.25900000E+002, 0.10000000E+000, 0.33045059E+001, 0.33252430E+000, 0.33186714E+002, 0.70154553E-001, 0.38212593E+000, 0.22538267E+000,-0.18345844E+000,-0.13165260E+000,-0.91619024E-001,-0.38706093E-001, 0.60217941E+000, 0.00000000E+000, 0.00000000E+000,
100,0, 0.26000000E+002, 0.10000000E+000, 0.34196903E+001, 0.35324662E+000, 0.33516672E+002, 0.70656781E-001, 0.39204811E+000, 0.22689531E+000,-0.18886005E+000,-0.13648159E+000,-0.94056986E-001,-0.39700824E-001, 0.62425226E+000, 0.00000000E+000, 0.00000000E+000,
101,0, 0.26100000E+002, 0.10000000E+000, 0.35493678E+001, 0.38697751E+000, 0.33857958E+002, 0.71193595E-001, 0.40292172E+000, 0.22840794E+000,-0.19465456E+000,-0.14159974E+000,-0.96623896E-001,-0.40719547E-001, 0.64811152E+000, 0.00000000E+000, 0.00000000E+000,
102,0, 0.26200000E+002, 0.10000000E+000, 0.36970406E+001, 0.42535004E+000, 0.34213080E+002, 0.71770651E-001, 0.41491922E+000, 0.22992058E+000,-0.20095721E+000,-0.14714463E+000,-0.99332852E-001,-0.41763348E-001, 0.67419668E+000, 0.00000000E+000, 0.00000000E+000,
103,0, 0.26300000E+002, 0.10000000E+000, 0.38680926E+001, 0.47461698E+000, 0.34584029E+002, 0.72395179E-001, 0.42835343E+000, 0.23143321E+000,-0.20763183E+000,-0.15312163E+000,-0.10219851E+000,-0.42833399E-001, 0.70270557E+000, 0.00000000E+000, 0.00000000E+000,
104,0, 0.26400000E+002, 0.10000000E+000, 0.40678530E+001, 0.52916288E+000, 0.34973748E+002, 0.73076480E-001, 0.44330637E+000, 0.23294585E+000,-0.21515090E+000,-0.15963494E+000,-0.10523813E+000,-0.43931020E-001, 0.73431551E+000, 0.00000000E+000, 0.00000000E+000,
105,0, 0.26500000E+002, 0.10000000E+000, 0.43082932E+001, 0.60962798E+000, 0.35384947E+002, 0.73826943E-001, 0.46047774E+000, 0.23445848E+000,-0.22322026E+000,-0.16682254E+000,-0.10848711E+000,-0.45057686E-001, 0.76960686E+000, 0.00000000E+000, 0.00000000E+000,
106,0, 0.26600000E+002, 0.10000000E+000, 0.45964411E+001, 0.68397534E+000, 0.35822783E+002, 0.74662987E-001, 0.47947482E+000, 0.23597112E+000,-0.23231799E+000,-0.17484099E+000,-0.11198494E+000,-0.46215101E-001, 0.80886271E+000, 0.00000000E+000, 0.00000000E+000,
107,0, 0.26700000E+002, 0.10000000E+000, 0.49551777E+001, 0.80355795E+000, 0.36292414E+002, 0.75605881E-001, 0.50130049E+000, 0.23748375E+000,-0.24242458E+000,-0.18374390E+000,-0.11575854E+000,-0.47405318E-001, 0.85314908E+000, 0.00000000E+000, 0.00000000E+000,
108,0, 0.26800000E+002, 0.10000000E+000, 0.54225564E+001, 0.97626174E+000, 0.36803103E+002, 0.76689554E-001, 0.52717715E+000, 0.23899639E+000,-0.25421604E+000,-0.19381550E+000,-0.11984053E+000,-0.48630711E-001, 0.90468354E+000, 0.00000000E+000, 0.00000000E+000,
109,0, 0.26900000E+002, 0.10000000E+000, 0.60929851E+001, 0.12978896E+001, 0.37369306E+002, 0.77973912E-001, 0.56052645E+000, 0.24050903E+000,-0.26717912E+000,-0.20552187E+000,-0.12428555E+000,-0.49893963E-001, 0.96689792E+000, 0.00000000E+000, 0.00000000E+000,
110,0, 0.27000000E+002, 0.10000000E+000, 0.70579748E+001, 0.16224465E+001, 0.38016406E+002, 0.79559711E-001, 0.59979515E+000, 0.24202166E+000,-0.28426951E+000,-0.21942068E+000,-0.12915860E+000,-0.51198184E-001, 0.10418205E+001, 0.00000000E+000, 0.00000000E+000,
111,0, 0.27100000E+002, 0.10000000E+000, 0.86564693E+001, 0.23271317E+001, 0.38787125E+002, 0.81625141E-001, 0.65045899E+000, 0.24353430E+000,-0.30462524E+000,-0.23635020E+000,-0.13453442E+000,-0.52543822E-001, 0.11349784E+001, 0.00000000E+000, 0.00000000E+000,
