 ISTEP , IPRSTP ,NBNTOT, TIME ,ARRAY(002),ARRAY(003),ARRAY(004),
0,0,4, 0.00000000E+000, 0.17721399E+005, 0.45150000E+004, 0.78340451E+003,
1,1,4, 0.31250000E-001, 0.17720938E+005, 0.45151648E+004, 0.78340451E+003,
1,2,4, 0.60546875E-001, 0.17719888E+005, 0.45153253E+004, 0.78340451E+003,
1,3,4, 0.88012695E-001, 0.17718490E+005, 0.45154721E+004, 0.78340451E+003,
1,4,4, 0.11017756E+000, 0.17717337E+005, 0.45155884E+004, 0.78340451E+003,
1,5,4, 0.13627768E+000, 0.17716414E+005, 0.45157234E+004, 0.78340451E+003,
1,6,4, 0.17832098E+000, 0.17716422E+005, 0.45159353E+004, 0.78340451E+003,
1,7,4, 0.32614863E+000, 0.17719049E+005, 0.45166100E+004, 0.78340451E+003,
1,8,4, 0.50000000E+000, 0.17719203E+005, 0.45172975E+004, 0.78340451E+003,
2,9,4, 0.10000000E+001, 0.17717051E+005, 0.45188460E+004, 0.78340451E+003,
3,10,4, 0.15000000E+001, 0.17714777E+005, 0.45201802E+004, 0.78340452E+003,
4,11,4, 0.20000000E+001, 0.17712621E+005, 0.45213406E+004, 0.78340457E+003,
5,12,4, 0.25000000E+001, 0.17710903E+005, 0.45222803E+004, 0.78340468E+003,
6,13,4, 0.30000000E+001, 0.17709557E+005, 0.45230076E+004, 0.78340486E+003,
7,14,4, 0.35000000E+001, 0.17708525E+005, 0.45235818E+004, 0.78340511E+003,
8,15,4, 0.40000000E+001, 0.17707739E+005, 0.45240490E+004, 0.78340544E+003,
9,16,4, 0.45000000E+001, 0.17707140E+005, 0.45244274E+004, 0.78340584E+003,
10,17,4, 0.50000000E+001, 0.17706686E+005, 0.45247260E+004, 0.78340629E+003,
11,18,4, 0.55000000E+001, 0.17706341E+005, 0.45249581E+004, 0.78340680E+003,
12,19,4, 0.60000000E+001, 0.17706079E+005, 0.45251387E+004, 0.78340734E+003,
13,20,4, 0.65000000E+001, 0.17705880E+005, 0.45252794E+004, 0.78340792E+003,
14,21,4, 0.70000000E+001, 0.17705728E+005, 0.45253892E+004, 0.78340852E+003,
15,22,4, 0.75000000E+001, 0.17705613E+005, 0.45254755E+004, 0.78340913E+003,
16,23,4, 0.80000000E+001, 0.17705526E+005, 0.45255448E+004, 0.78340975E+003,
17,24,4, 0.85000000E+001, 0.17705460E+005, 0.45256025E+004, 0.78341037E+003,
18,25,4, 0.90000000E+001, 0.17705410E+005, 0.45256525E+004, 0.78341097E+003,
19,26,4, 0.95000000E+001, 0.17705372E+005, 0.45256972E+004, 0.78341157E+003,
20,27,4, 0.10000000E+002, 0.17705344E+005, 0.45257382E+004, 0.78341214E+003,
21,28,4, 0.10500000E+002, 0.17705323E+005, 0.45257763E+004, 0.78341270E+003,
22,29,4, 0.11000000E+002, 0.17705308E+005, 0.45258122E+004, 0.78341323E+003,
23,30,4, 0.11500000E+002, 0.17705297E+005, 0.45258459E+004, 0.78341373E+003,
24,31,4, 0.12000000E+002, 0.17705285E+005, 0.45258800E+004, 0.78341421E+003,
25,32,4, 0.12500000E+002, 0.17705290E+005, 0.45259088E+004, 0.78341471E+003,
26,33,4, 0.13000000E+002, 0.17705311E+005, 0.45259361E+004, 0.78341551E+003,
27,34,4, 0.13500000E+002, 0.17705319E+005, 0.45259615E+004, 0.78341711E+003,
28,35,4, 0.14000000E+002, 0.17705294E+005, 0.45259847E+004, 0.78342000E+003,
29,36,4, 0.14500000E+002, 0.17705254E+005, 0.45260058E+004, 0.78342456E+003,
30,37,4, 0.15000000E+002, 0.17705198E+005, 0.45260249E+004, 0.78343112E+003,
31,38,4, 0.15500000E+002, 0.17705128E+005, 0.45260422E+004, 0.78343998E+003,
32,39,4, 0.16000000E+002, 0.17705045E+005, 0.45260577E+004, 0.78345143E+003,
33,40,4, 0.16500000E+002, 0.17704953E+005, 0.45260716E+004, 0.78346573E+003,
34,41,4, 0.17000000E+002, 0.17704852E+005, 0.45260839E+004, 0.78348311E+003,
35,42,4, 0.17500000E+002, 0.17704740E+005, 0.45260949E+004, 0.78350381E+003,
36,43,4, 0.18000000E+002, 0.17704619E+005, 0.45261047E+004, 0.78352805E+003,
37,44,4, 0.18500000E+002, 0.17704489E+005, 0.45261134E+004, 0.78355605E+003,
38,45,4, 0.19000000E+002, 0.17704349E+005, 0.45261213E+004, 0.78358800E+003,
39,46,4, 0.19500000E+002, 0.17704202E+005, 0.45261285E+004, 0.78362409E+003,
40,47,4, 0.20000000E+002, 0.17704045E+005, 0.45261353E+004, 0.78366453E+003,
41,48,4, 0.20100000E+002, 0.17703827E+005, 0.45261368E+004, 0.78367355E+003,
42,49,4, 0.20200000E+002, 0.17703785E+005, 0.45261383E+004, 0.78368278E+003,
43,50,4, 0.20300000E+002, 0.17703752E+005, 0.45261399E+004, 0.78369221E+003,
44,51,4, 0.20400000E+002, 0.17703709E+005, 0.45261413E+004, 0.78370182E+003,
45,52,4, 0.20500000E+002, 0.17703672E+005, 0.45261428E+004, 0.78371162E+003,
46,53,4, 0.20600000E+002, 0.17703638E+005, 0.45261443E+004, 0.78372161E+003,
47,54,4, 0.20700000E+002, 0.17703602E+005, 0.45261457E+004, 0.78373179E+003,
48,55,4, 0.20800000E+002, 0.17703565E+005, 0.45261472E+004, 0.78374216E+003,
49,56,4, 0.20900000E+002, 0.17703528E+005, 0.45261486E+004, 0.78375272E+003,
50,57,4, 0.21000000E+002, 0.17703492E+005, 0.45261501E+004, 0.78376347E+003,
51,58,4, 0.21100000E+002, 0.17703455E+005, 0.45261515E+004, 0.78377442E+003,
52,59,4, 0.21200000E+002, 0.17703417E+005, 0.45261530E+004, 0.78378556E+003,
53,60,4, 0.21300000E+002, 0.17703380E+005, 0.45261545E+004, 0.78379690E+003,
54,61,4, 0.21400000E+002, 0.17703342E+005, 0.45261561E+004, 0.78380844E+003,
55,62,4, 0.21500000E+002, 0.17703303E+005, 0.45261576E+004, 0.78382017E+003,
56,63,4, 0.21600000E+002, 0.17703265E+005, 0.45261592E+004, 0.78383211E+003,
57,64,4, 0.21700000E+002, 0.17703226E+005, 0.45261608E+004, 0.78384425E+003,
58,65,4, 0.21800000E+002, 0.17703186E+005, 0.45261624E+004, 0.78385659E+003,
59,66,4, 0.21900000E+002, 0.17703147E+005, 0.45261641E+004, 0.78386913E+003,
60,67,4, 0.22000000E+002, 0.17703107E+005, 0.45261658E+004, 0.78388188E+003,
61,68,4, 0.22100000E+002, 0.17703066E+005, 0.45261674E+004, 0.78389483E+003,
62,69,4, 0.22200000E+002, 0.17703025E+005, 0.45261692E+004, 0.78390800E+003,
63,70,4, 0.22300000E+002, 0.17702983E+005, 0.45261709E+004, 0.78392137E+003,
64,71,4, 0.22400000E+002, 0.17702941E+005, 0.45261726E+004, 0.78393496E+003,
65,72,4, 0.22500000E+002, 0.17702899E+005, 0.45261744E+004, 0.78394875E+003,
66,73,4, 0.22600000E+002, 0.17702856E+005, 0.45261762E+004, 0.78396276E+003,
67,74,4, 0.22700000E+002, 0.17702813E+005, 0.45261781E+004, 0.78397698E+003,
68,75,4, 0.22800000E+002, 0.17702770E+005, 0.45261800E+004, 0.78399141E+003,
69,76,4, 0.22900000E+002, 0.17702726E+005, 0.45261819E+004, 0.78400607E+003,
70,77,4, 0.23000000E+002, 0.17702682E+005, 0.45261838E+004, 0.78402094E+003,
71,78,4, 0.23100000E+002, 0.17702638E+005, 0.45261858E+004, 0.78403602E+003,
72,79,4, 0.23200000E+002, 0.17702593E+005, 0.45261878E+004, 0.78405133E+003,
73,80,4, 0.23300000E+002, 0.17702548E+005, 0.45261899E+004, 0.78406686E+003,
74,81,4, 0.23400000E+002, 0.17702502E+005, 0.45261920E+004, 0.78408262E+003,
75,82,4, 0.23500000E+002, 0.17702455E+005, 0.45261942E+004, 0.78409859E+003,
76,83,4, 0.23600000E+002, 0.17702409E+005, 0.45261964E+004, 0.78411479E+003,
77,84,4, 0.23700000E+002, 0.17702361E+005, 0.45261987E+004, 0.78413122E+003,
78,85,4, 0.23800000E+002, 0.17702314E+005, 0.45262009E+004, 0.78414788E+003,
79,86,4, 0.23900000E+002, 0.17702266E+005, 0.45262033E+004, 0.78416476E+003,
80,87,4, 0.24000000E+002, 0.17702217E+005, 0.45262057E+004, 0.78418188E+003,
81,88,4, 0.24100000E+002, 0.17702168E+005, 0.45262081E+004, 0.78419923E+003,
82,89,4, 0.24200000E+002, 0.17702119E+005, 0.45262105E+004, 0.78421681E+003,
83,90,4, 0.24300000E+002, 0.17702069E+005, 0.45262130E+004, 0.78423462E+003,
84,91,4, 0.24400000E+002, 0.17702019E+005, 0.45262156E+004, 0.78425267E+003,
85,92,4, 0.24500000E+002, 0.17701969E+005, 0.45262182E+004, 0.78427095E+003,
86,93,4, 0.24600000E+002, 0.17701919E+005, 0.45262209E+004, 0.78428947E+003,
87,94,4, 0.24700000E+002, 0.17701868E+005, 0.45262236E+004, 0.78430822E+003,
88,95,4, 0.24800000E+002, 0.17701816E+005, 0.45262263E+004, 0.78432722E+003,
89,96,4, 0.24900000E+002, 0.17701764E+005, 0.45262292E+004, 0.78434645E+003,
90,97,4, 0.25000000E+002, 0.17701711E+005, 0.45262320E+004, 0.78436593E+003,
91,98,4, 0.25100000E+002, 0.17701659E+005, 0.45262350E+004, 0.78438564E+003,
92,99,4, 0.25200000E+002, 0.17701606E+005, 0.45262380E+004, 0.78440560E+003,
93,100,4, 0.25300000E+002, 0.17701552E+005, 0.45262410E+004, 0.78442581E+003,
94,101,4, 0.25400000E+002, 0.17701498E+005, 0.45262441E+004, 0.78444625E+003,
95,102,4, 0.25500000E+002, 0.17701444E+005, 0.45262473E+004, 0.78446695E+003,
96,103,4, 0.25600000E+002, 0.17701389E+005, 0.45262505E+004, 0.78448789E+003,
97,104,4, 0.25700000E+002, 0.17701335E+005, 0.45262538E+004, 0.78450907E+003,
98,105,4, 0.25800000E+002, 0.17701280E+005, 0.45262571E+004, 0.78453051E+003,
99,106,4, 0.25900000E+002, 0.17701224E+005, 0.45262605E+004, 0.78455219E+003,
100,107,4, 0.26000000E+002, 0.17701168E+005, 0.45262640E+004, 0.78457412E+003,
101,108,4, 0.26100000E+002, 0.17701111E+005, 0.45262675E+004, 0.78459631E+003,
102,109,4, 0.26200000E+002, 0.17701054E+005, 0.45262711E+004, 0.78461875E+003,
103,110,4, 0.26300000E+002, 0.17700997E+005, 0.45262748E+004, 0.78464144E+003,
104,111,4, 0.26400000E+002, 0.17700939E+005, 0.45262785E+004, 0.78466438E+003,
105,112,4, 0.26500000E+002, 0.17700880E+005, 0.45262822E+004, 0.78468759E+003,
106,113,4, 0.26600000E+002, 0.17700822E+005, 0.45262861E+004, 0.78471104E+003,
107,114,4, 0.26700000E+002, 0.17700763E+005, 0.45262900E+004, 0.78473475E+003,
108,115,4, 0.26800000E+002, 0.17700705E+005, 0.45262940E+004, 0.78475872E+003,
109,116,4, 0.26900000E+002, 0.17700645E+005, 0.45262980E+004, 0.78478295E+003,
110,117,4, 0.27000000E+002, 0.17700586E+005, 0.45263022E+004, 0.78480744E+003,
111,118,4, 0.27100000E+002, 0.17700525E+005, 0.45263064E+004, 0.78483219E+003,
112,119,4, 0.27200000E+002, 0.17700464E+005, 0.45263106E+004, 0.78485719E+003,
113,120,4, 0.27300000E+002, 0.17700403E+005, 0.45263149E+004, 0.78488247E+003,
114,121,4, 0.27400000E+002, 0.17700341E+005, 0.45263193E+004, 0.78490800E+003,
115,122,4, 0.27500000E+002, 0.17700279E+005, 0.45263238E+004, 0.78493380E+003,
116,123,4, 0.27600000E+002, 0.17700217E+005, 0.45263284E+004, 0.78495986E+003,
117,124,4, 0.27700000E+002, 0.17700155E+005, 0.45263330E+004, 0.78498619E+003,
118,125,4, 0.27800000E+002, 0.17700092E+005, 0.45263377E+004, 0.78501278E+003,
119,126,4, 0.27900000E+002, 0.17700028E+005, 0.45263424E+004, 0.78503964E+003,
120,127,4, 0.28000000E+002, 0.17699964E+005, 0.45263473E+004, 0.78506677E+003,
121,128,4, 0.28100000E+002, 0.17699900E+005, 0.45263522E+004, 0.78509417E+003,
122,129,4, 0.28200000E+002, 0.17699835E+005, 0.45263572E+004, 0.78512183E+003,
123,130,4, 0.28300000E+002, 0.17699770E+005, 0.45263622E+004, 0.78514977E+003,
124,131,4, 0.28400000E+002, 0.17699704E+005, 0.45263674E+004, 0.78517798E+003,
125,132,4, 0.28500000E+002, 0.17699637E+005, 0.45263726E+004, 0.78520647E+003,
126,133,4, 0.28600000E+002, 0.17699570E+005, 0.45263779E+004, 0.78523523E+003,
127,134,4, 0.28700000E+002, 0.17699503E+005, 0.45263833E+004, 0.78526426E+003,
128,135,4, 0.28800000E+002, 0.17699435E+005, 0.45263887E+004, 0.78529357E+003,
129,136,4, 0.28900000E+002, 0.17699367E+005, 0.45263942E+004, 0.78532315E+003,
130,137,4, 0.29000000E+002, 0.17699298E+005, 0.45263999E+004, 0.78535301E+003,
131,138,4, 0.29100000E+002, 0.17699229E+005, 0.45264056E+004, 0.78538315E+003,
132,139,4, 0.29200000E+002, 0.17699160E+005, 0.45264113E+004, 0.78541357E+003,
133,140,4, 0.29300000E+002, 0.17699091E+005, 0.45264172E+004, 0.78544426E+003,
134,141,4, 0.29400000E+002, 0.17699020E+005, 0.45264231E+004, 0.78547524E+003,
135,142,4, 0.29500000E+002, 0.17698950E+005, 0.45264292E+004, 0.78550650E+003,
136,143,4, 0.29600000E+002, 0.17698879E+005, 0.45264353E+004, 0.78553803E+003,
137,144,4, 0.29700000E+002, 0.17698809E+005, 0.45264415E+004, 0.78556985E+003,
138,145,4, 0.29800000E+002, 0.17698738E+005, 0.45264477E+004, 0.78560194E+003,
139,146,4, 0.29900000E+002, 0.17698667E+005, 0.45264541E+004, 0.78563432E+003,
140,147,4, 0.30000000E+002, 0.17698595E+005, 0.45264605E+004, 0.78566698E+003,
141,148,4, 0.30100000E+002, 0.17698523E+005, 0.45264671E+004, 0.78569993E+003,
142,149,4, 0.30200000E+002, 0.17698451E+005, 0.45264737E+004, 0.78573316E+003,
143,150,4, 0.30300000E+002, 0.17698378E+005, 0.45264804E+004, 0.78576667E+003,
144,151,4, 0.30400000E+002, 0.17698304E+005, 0.45264872E+004, 0.78580047E+003,
145,152,4, 0.30500000E+002, 0.17698230E+005, 0.45264941E+004, 0.78583456E+003,
146,153,4, 0.30600000E+002, 0.17698156E+005, 0.45265011E+004, 0.78586893E+003,
147,154,4, 0.30700000E+002, 0.17698081E+005, 0.45265082E+004, 0.78590359E+003,
148,155,4, 0.30800000E+002, 0.17698006E+005, 0.45265154E+004, 0.78593854E+003,
149,156,4, 0.30900000E+002, 0.17697931E+005, 0.45265227E+004, 0.78597378E+003,
150,157,4, 0.31000000E+002, 0.17697854E+005, 0.45265300E+004, 0.78600931E+003,
151,158,4, 0.31100000E+002, 0.17697778E+005, 0.45265375E+004, 0.78604513E+003,
152,159,4, 0.31200000E+002, 0.17697700E+005, 0.45265451E+004, 0.78608125E+003,
153,160,4, 0.31300000E+002, 0.17697622E+005, 0.45265527E+004, 0.78611765E+003,
154,161,4, 0.31400000E+002, 0.17697544E+005, 0.45265605E+004, 0.78615435E+003,
155,162,4, 0.31500000E+002, 0.17697465E+005, 0.45265683E+004, 0.78619134E+003,
156,163,4, 0.31600000E+002, 0.17697386E+005, 0.45265763E+004, 0.78622863E+003,
157,164,4, 0.31700000E+002, 0.17697307E+005, 0.45265843E+004, 0.78626621E+003,
158,165,4, 0.31800000E+002, 0.17697227E+005, 0.45265925E+004, 0.78630408E+003,
159,166,4, 0.31900000E+002, 0.17697147E+005, 0.45266007E+004, 0.78634225E+003,
160,167,4, 0.32000000E+002, 0.17697067E+005, 0.45266091E+004, 0.78638071E+003,
161,168,4, 0.32100000E+002, 0.17696985E+005, 0.45266175E+004, 0.78641947E+003,
162,169,4, 0.32200000E+002, 0.17696904E+005, 0.45266260E+004, 0.78645853E+003,
163,170,4, 0.32300000E+002, 0.17696822E+005, 0.45266347E+004, 0.78649788E+003,
164,171,4, 0.32400000E+002, 0.17696739E+005, 0.45266434E+004, 0.78653754E+003,
165,172,4, 0.32500000E+002, 0.17696657E+005, 0.45266523E+004, 0.78657749E+003,
166,173,4, 0.32600000E+002, 0.17696573E+005, 0.45266612E+004, 0.78661774E+003,
167,174,4, 0.32700000E+002, 0.17696490E+005, 0.45266703E+004, 0.78665829E+003,
168,175,4, 0.32800000E+002, 0.17696406E+005, 0.45266795E+004, 0.78669914E+003,
169,176,4, 0.32900000E+002, 0.17696321E+005, 0.45266888E+004, 0.78674029E+003,
170,177,4, 0.33000000E+002, 0.17696235E+005, 0.45266981E+004, 0.78678175E+003,
171,178,4, 0.33100000E+002, 0.17696149E+005, 0.45267076E+004, 0.78682350E+003,
172,179,4, 0.33200000E+002, 0.17696063E+005, 0.45267172E+004, 0.78686556E+003,
173,180,4, 0.33300000E+002, 0.17695978E+005, 0.45267269E+004, 0.78690791E+003,
174,181,4, 0.33400000E+002, 0.17695894E+005, 0.45267367E+004, 0.78695057E+003,
175,182,4, 0.33500000E+002, 0.17695808E+005, 0.45267466E+004, 0.78699353E+003,
176,183,4, 0.33600000E+002, 0.17695722E+005, 0.45267566E+004, 0.78703679E+003,
177,184,4, 0.33700000E+002, 0.17695635E+005, 0.45267667E+004, 0.78708035E+003,
178,185,4, 0.33800000E+002, 0.17695548E+005, 0.45267770E+004, 0.78712421E+003,
179,186,4, 0.33900000E+002, 0.17695461E+005, 0.45267873E+004, 0.78716838E+003,
180,187,4, 0.34000000E+002, 0.17695373E+005, 0.45267977E+004, 0.78721284E+003,
181,188,4, 0.34100000E+002, 0.17695285E+005, 0.45268083E+004, 0.78725762E+003,
182,189,4, 0.34200000E+002, 0.17695197E+005, 0.45268190E+004, 0.78730269E+003,
183,190,4, 0.34300000E+002, 0.17695108E+005, 0.45268297E+004, 0.78734807E+003,
184,191,4, 0.34400000E+002, 0.17695019E+005, 0.45268406E+004, 0.78739376E+003,
185,192,4, 0.34500000E+002, 0.17694929E+005, 0.45268516E+004, 0.78743975E+003,
186,193,4, 0.34600000E+002, 0.17694839E+005, 0.45268627E+004, 0.78748604E+003,
187,194,4, 0.34700000E+002, 0.17694749E+005, 0.45268739E+004, 0.78753264E+003,
188,195,4, 0.34800000E+002, 0.17694659E+005, 0.45268853E+004, 0.78757955E+003,
189,196,4, 0.34900000E+002, 0.17694568E+005, 0.45268967E+004, 0.78762675E+003,
190,197,4, 0.35000000E+002, 0.17694477E+005, 0.45269082E+004, 0.78767427E+003,
191,198,4, 0.35100000E+002, 0.17694385E+005, 0.45269199E+004, 0.78772209E+003,
192,199,4, 0.35200000E+002, 0.17694293E+005, 0.45269317E+004, 0.78777022E+003,
193,200,4, 0.35300000E+002, 0.17694202E+005, 0.45269436E+004, 0.78781865E+003,
194,201,4, 0.35400000E+002, 0.17694110E+005, 0.45269556E+004, 0.78786739E+003,
195,202,4, 0.35500000E+002, 0.17694017E+005, 0.45269677E+004, 0.78791643E+003,
196,203,4, 0.35600000E+002, 0.17693925E+005, 0.45269799E+004, 0.78796578E+003,
197,204,4, 0.35700000E+002, 0.17693833E+005, 0.45269923E+004, 0.78801543E+003,
198,205,4, 0.35800000E+002, 0.17693741E+005, 0.45270047E+004, 0.78806539E+003,
199,206,4, 0.35900000E+002, 0.17693648E+005, 0.45270173E+004, 0.78811566E+003,
200,207,4, 0.36000000E+002, 0.17693554E+005, 0.45270300E+004, 0.78816622E+003,
201,208,4, 0.36100000E+002, 0.17693460E+005, 0.45270428E+004, 0.78821710E+003,
202,209,4, 0.36200000E+002, 0.17693366E+005, 0.45270557E+004, 0.78826828E+003,
203,210,4, 0.36300000E+002, 0.17693271E+005, 0.45270687E+004, 0.78831976E+003,
204,211,4, 0.36400000E+002, 0.17693177E+005, 0.45270819E+004, 0.78837156E+003,
205,212,4, 0.36500000E+002, 0.17693082E+005, 0.45270951E+004, 0.78842365E+003,
206,213,4, 0.36600000E+002, 0.17692986E+005, 0.45271085E+004, 0.78847605E+003,
207,214,4, 0.36700000E+002, 0.17692891E+005, 0.45271220E+004, 0.78852876E+003,
208,215,4, 0.36800000E+002, 0.17692795E+005, 0.45271357E+004, 0.78858177E+003,
209,216,4, 0.36900000E+002, 0.17692699E+005, 0.45271494E+004, 0.78863509E+003,
210,217,4, 0.37000000E+002, 0.17692602E+005, 0.45271632E+004, 0.78868871E+003,
211,218,4, 0.37100000E+002, 0.17692505E+005, 0.45271772E+004, 0.78874264E+003,
212,219,4, 0.37200000E+002, 0.17692406E+005, 0.45271913E+004, 0.78879688E+003,
213,220,4, 0.37300000E+002, 0.17692308E+005, 0.45272055E+004, 0.78885143E+003,
214,221,4, 0.37400000E+002, 0.17692209E+005, 0.45272199E+004, 0.78890627E+003,
215,222,4, 0.37500000E+002, 0.17692111E+005, 0.45272343E+004, 0.78896143E+003,
216,223,4, 0.37600000E+002, 0.17692013E+005, 0.45272489E+004, 0.78901689E+003,
217,224,4, 0.37700000E+002, 0.17691916E+005, 0.45272636E+004, 0.78907265E+003,
218,225,4, 0.37800000E+002, 0.17691819E+005, 0.45272784E+004, 0.78912871E+003,
219,226,4, 0.37900000E+002, 0.17691723E+005, 0.45272933E+004, 0.78918507E+003,
220,227,4, 0.38000000E+002, 0.17691626E+005, 0.45273084E+004, 0.78924174E+003,
221,228,4, 0.38100000E+002, 0.17691529E+005, 0.45273236E+004, 0.78929870E+003,
222,229,4, 0.38200000E+002, 0.17691431E+005, 0.45273389E+004, 0.78935597E+003,
223,230,4, 0.38300000E+002, 0.17691334E+005, 0.45273543E+004, 0.78941354E+003,
224,231,4, 0.38400000E+002, 0.17691236E+005, 0.45273698E+004, 0.78947140E+003,
225,232,4, 0.38500000E+002, 0.17691138E+005, 0.45273855E+004, 0.78952957E+003,
226,233,4, 0.38600000E+002, 0.17691039E+005, 0.45274013E+004, 0.78958804E+003,
227,234,4, 0.38700000E+002, 0.17690940E+005, 0.45274172E+004, 0.78964681E+003,
228,235,4, 0.38800000E+002, 0.17690841E+005, 0.45274332E+004, 0.78970587E+003,
229,236,4, 0.38900000E+002, 0.17690741E+005, 0.45274494E+004, 0.78976524E+003,
230,237,4, 0.39000000E+002, 0.17690642E+005, 0.45274657E+004, 0.78982491E+003,
231,238,4, 0.39100000E+002, 0.17690542E+005, 0.45274821E+004, 0.78988487E+003,
232,239,4, 0.39200000E+002, 0.17690443E+005, 0.45274986E+004, 0.78994513E+003,
233,240,4, 0.39300000E+002, 0.17690343E+005, 0.45275152E+004, 0.79000569E+003,
234,241,4, 0.39400000E+002, 0.17690243E+005, 0.45275320E+004, 0.79006654E+003,
235,242,4, 0.39500000E+002, 0.17690143E+005, 0.45275489E+004, 0.79012770E+003,
236,243,4, 0.39600000E+002, 0.17690041E+005, 0.45275659E+004, 0.79018915E+003,
237,244,4, 0.39700000E+002, 0.17689940E+005, 0.45275831E+004, 0.79025089E+003,
238,245,4, 0.39800000E+002, 0.17689839E+005, 0.45276003E+004, 0.79031293E+003,
239,246,4, 0.39900000E+002, 0.17689738E+005, 0.45276177E+004, 0.79037527E+003,
240,247,4, 0.40000000E+002, 0.17689638E+005, 0.45276353E+004, 0.79043790E+003,
241,248,4, 0.40100000E+002, 0.17689538E+005, 0.45276529E+004, 0.79050082E+003,
242,249,4, 0.40200000E+002, 0.17689438E+005, 0.45276707E+004, 0.79056403E+003,
243,250,4, 0.40300000E+002, 0.17689336E+005, 0.45276886E+004, 0.79062754E+003,
244,251,4, 0.40400000E+002, 0.17689235E+005, 0.45277066E+004, 0.79069134E+003,
245,252,4, 0.40500000E+002, 0.17689132E+005, 0.45277248E+004, 0.79075543E+003,
246,253,4, 0.40600000E+002, 0.17689030E+005, 0.45277430E+004, 0.79081982E+003,
247,254,4, 0.40700000E+002, 0.17688927E+005, 0.45277614E+004, 0.79088450E+003,
248,255,4, 0.40800000E+002, 0.17688824E+005, 0.45277800E+004, 0.79094947E+003,
249,256,4, 0.40900000E+002, 0.17688721E+005, 0.45277986E+004, 0.79101473E+003,
250,257,4, 0.41000000E+002, 0.17688618E+005, 0.45278174E+004, 0.79108028E+003,
251,258,4, 0.41100000E+002, 0.17688515E+005, 0.45278363E+004, 0.79114611E+003,
252,259,4, 0.41200000E+002, 0.17688413E+005, 0.45278553E+004, 0.79121224E+003,
253,260,4, 0.41300000E+002, 0.17688311E+005, 0.45278745E+004, 0.79127865E+003,
254,261,4, 0.41400000E+002, 0.17688209E+005, 0.45278938E+004, 0.79134535E+003,
255,262,4, 0.41500000E+002, 0.17688107E+005, 0.45279132E+004, 0.79141233E+003,
256,263,4, 0.41600000E+002, 0.17688005E+005, 0.45279327E+004, 0.79147960E+003,
257,264,4, 0.41700000E+002, 0.17687903E+005, 0.45279524E+004, 0.79154715E+003,
258,265,4, 0.41800000E+002, 0.17687802E+005, 0.45279722E+004, 0.79161499E+003,
259,266,4, 0.41900000E+002, 0.17687700E+005, 0.45279922E+004, 0.79168310E+003,
260,267,4, 0.42000000E+002, 0.17687599E+005, 0.45280122E+004, 0.79175149E+003,
261,268,4, 0.42100000E+002, 0.17687498E+005, 0.45280324E+004, 0.79182017E+003,
262,269,4, 0.42200000E+002, 0.17687397E+005, 0.45280527E+004, 0.79188912E+003,
263,270,4, 0.42300000E+002, 0.17687295E+005, 0.45280731E+004, 0.79195836E+003,
264,271,4, 0.42400000E+002, 0.17687193E+005, 0.45280937E+004, 0.79202787E+003,
265,272,4, 0.42500000E+002, 0.17687091E+005, 0.45281143E+004, 0.79209765E+003,
266,273,4, 0.42600000E+002, 0.17686990E+005, 0.45281351E+004, 0.79216772E+003,
267,274,4, 0.42700000E+002, 0.17686889E+005, 0.45281561E+004, 0.79223806E+003,
268,275,4, 0.42800000E+002, 0.17686788E+005, 0.45281772E+004, 0.79230867E+003,
269,276,4, 0.42900000E+002, 0.17686687E+005, 0.45281984E+004, 0.79237955E+003,
270,277,4, 0.43000000E+002, 0.17686586E+005, 0.45282197E+004, 0.79245071E+003,
271,278,4, 0.43100000E+002, 0.17686484E+005, 0.45282411E+004, 0.79252214E+003,
272,279,4, 0.43200000E+002, 0.17686383E+005, 0.45282627E+004, 0.79259384E+003,
273,280,4, 0.43300000E+002, 0.17686282E+005, 0.45282844E+004, 0.79266581E+003,
274,281,4, 0.43400000E+002, 0.17686181E+005, 0.45283062E+004, 0.79273804E+003,
275,282,4, 0.43500000E+002, 0.17686080E+005, 0.45283282E+004, 0.79281054E+003,
276,283,4, 0.43600000E+002, 0.17685980E+005, 0.45283503E+004, 0.79288330E+003,
277,284,4, 0.43700000E+002, 0.17685880E+005, 0.45283725E+004, 0.79295632E+003,
278,285,4, 0.43800000E+002, 0.17685780E+005, 0.45283948E+004, 0.79302960E+003,
279,286,4, 0.43900000E+002, 0.17685681E+005, 0.45284173E+004, 0.79310314E+003,
280,287,4, 0.44000000E+002, 0.17685582E+005, 0.45284399E+004, 0.79317693E+003,
281,288,4, 0.44100000E+002, 0.17685483E+005, 0.45284626E+004, 0.79325099E+003,
282,289,4, 0.44200000E+002, 0.17685384E+005, 0.45284855E+004, 0.79332530E+003,
283,290,4, 0.44300000E+002, 0.17685285E+005, 0.45285084E+004, 0.79339987E+003,
284,291,4, 0.44400000E+002, 0.17685187E+005, 0.45285315E+004, 0.79347469E+003,
285,292,4, 0.44500000E+002, 0.17685088E+005, 0.45285547E+004, 0.79354977E+003,
286,293,4, 0.44600000E+002, 0.17684990E+005, 0.45285780E+004, 0.79362509E+003,
287,294,4, 0.44700000E+002, 0.17684893E+005, 0.45286015E+004, 0.79370067E+003,
288,295,4, 0.44800000E+002, 0.17684798E+005, 0.45286251E+004, 0.79377650E+003,
289,296,4, 0.44900000E+002, 0.17684702E+005, 0.45286488E+004, 0.79385258E+003,
290,297,4, 0.45000000E+002, 0.17684606E+005, 0.45286726E+004, 0.79392890E+003,
291,298,4, 0.45100000E+002, 0.17684510E+005, 0.45286966E+004, 0.79400547E+003,
292,299,4, 0.45200000E+002, 0.17684414E+005, 0.45287207E+004, 0.79408229E+003,
293,300,4, 0.45300000E+002, 0.17684317E+005, 0.45287450E+004, 0.79415935E+003,
294,301,4, 0.45400000E+002, 0.17684220E+005, 0.45287693E+004, 0.79423666E+003,
295,302,4, 0.45500000E+002, 0.17684123E+005, 0.45287937E+004, 0.79431422E+003,
296,303,4, 0.45600000E+002, 0.17684026E+005, 0.45288184E+004, 0.79439202E+003,
297,304,4, 0.45700000E+002, 0.17683930E+005, 0.45288431E+004, 0.79447006E+003,
298,305,4, 0.45800000E+002, 0.17683833E+005, 0.45288679E+004, 0.79454834E+003,
299,306,4, 0.45900000E+002, 0.17683737E+005, 0.45288928E+004, 0.79462687E+003,
300,307,4, 0.46000000E+002, 0.17683641E+005, 0.45289179E+004, 0.79470564E+003,
301,308,4, 0.46100000E+002, 0.17683546E+005, 0.45289432E+004, 0.79478464E+003,
302,309,4, 0.46200000E+002, 0.17683451E+005, 0.45289685E+004, 0.79486388E+003,
303,310,4, 0.46300000E+002, 0.17683356E+005, 0.45289939E+004, 0.79494336E+003,
304,311,4, 0.46400000E+002, 0.17683262E+005, 0.45290195E+004, 0.79502307E+003,
305,312,4, 0.46500000E+002, 0.17683169E+005, 0.45290452E+004, 0.79510301E+003,
306,313,4, 0.46600000E+002, 0.17683077E+005, 0.45290710E+004, 0.79518319E+003,
307,314,4, 0.46700000E+002, 0.17682984E+005, 0.45290970E+004, 0.79526359E+003,
308,315,4, 0.46800000E+002, 0.17682893E+005, 0.45291230E+004, 0.79534422E+003,
309,316,4, 0.46900000E+002, 0.17682801E+005, 0.45291492E+004, 0.79542508E+003,
310,317,4, 0.47000000E+002, 0.17682709E+005, 0.45291755E+004, 0.79550617E+003,
311,318,4, 0.47100000E+002, 0.17682618E+005, 0.45292019E+004, 0.79558748E+003,
312,319,4, 0.47200000E+002, 0.17682527E+005, 0.45292284E+004, 0.79566901E+003,
313,320,4, 0.47300000E+002, 0.17682437E+005, 0.45292551E+004, 0.79575076E+003,
314,321,4, 0.47400000E+002, 0.17682347E+005, 0.45292819E+004, 0.79583274E+003,
315,322,4, 0.47500000E+002, 0.17682257E+005, 0.45293088E+004, 0.79591493E+003,
316,323,4, 0.47600000E+002, 0.17682168E+005, 0.45293358E+004, 0.79599734E+003,
317,324,4, 0.47700000E+002, 0.17682079E+005, 0.45293629E+004, 0.79607997E+003,
318,325,4, 0.47800000E+002, 0.17681991E+005, 0.45293902E+004, 0.79616281E+003,
319,326,4, 0.47900000E+002, 0.17681903E+005, 0.45294176E+004, 0.79624587E+003,
320,327,4, 0.48000000E+002, 0.17681816E+005, 0.45294451E+004, 0.79632913E+003,
321,328,4, 0.48100000E+002, 0.17681731E+005, 0.45294727E+004, 0.79641261E+003,
322,329,4, 0.48200000E+002, 0.17681646E+005, 0.45295004E+004, 0.79649629E+003,
323,330,4, 0.48300000E+002, 0.17681561E+005, 0.45295282E+004, 0.79658017E+003,
324,331,4, 0.48400000E+002, 0.17681477E+005, 0.45295562E+004, 0.79666426E+003,
325,332,4, 0.48500000E+002, 0.17681394E+005, 0.45295843E+004, 0.79674854E+003,
326,333,4, 0.48600000E+002, 0.17681312E+005, 0.45296125E+004, 0.79683303E+003,
327,334,4, 0.48700000E+002, 0.17681230E+005, 0.45296408E+004, 0.79691771E+003,
328,335,4, 0.48800000E+002, 0.17681149E+005, 0.45296692E+004, 0.79700259E+003,
329,336,4, 0.48900000E+002, 0.17681068E+005, 0.45296978E+004, 0.79708766E+003,
330,337,4, 0.49000000E+002, 0.17680988E+005, 0.45297264E+004, 0.79717293E+003,
331,338,4, 0.49100000E+002, 0.17680909E+005, 0.45297552E+004, 0.79725838E+003,
332,339,4, 0.49200000E+002, 0.17680830E+005, 0.45297840E+004, 0.79734403E+003,
333,340,4, 0.49300000E+002, 0.17680751E+005, 0.45298130E+004, 0.79742986E+003,
334,341,4, 0.49400000E+002, 0.17680673E+005, 0.45298422E+004, 0.79751588E+003,
335,342,4, 0.49500000E+002, 0.17680596E+005, 0.45298714E+004, 0.79760208E+003,
336,343,4, 0.49600000E+002, 0.17680519E+005, 0.45299007E+004, 0.79768846E+003,
337,344,4, 0.49700000E+002, 0.17680442E+005, 0.45299301E+004, 0.79777502E+003,
338,345,4, 0.49800000E+002, 0.17680366E+005, 0.45299597E+004, 0.79786177E+003,
339,346,4, 0.49900000E+002, 0.17680290E+005, 0.45299894E+004, 0.79794869E+003,
340,347,4, 0.50000000E+002, 0.17680216E+005, 0.45300192E+004, 0.79803578E+003,
341,348,4, 0.50100000E+002, 0.17680141E+005, 0.45300490E+004, 0.79812305E+003,
342,349,4, 0.50200000E+002, 0.17680067E+005, 0.45300790E+004, 0.79821050E+003,
343,350,4, 0.50300000E+002, 0.17679994E+005, 0.45301091E+004, 0.79829811E+003,
344,351,4, 0.50400000E+002, 0.17679922E+005, 0.45301394E+004, 0.79838589E+003,
345,352,4, 0.50500000E+002, 0.17679851E+005, 0.45301697E+004, 0.79847383E+003,
346,353,4, 0.50600000E+002, 0.17679780E+005, 0.45302001E+004, 0.79856194E+003,
347,354,4, 0.50700000E+002, 0.17679710E+005, 0.45302306E+004, 0.79865021E+003,
348,355,4, 0.50800000E+002, 0.17679640E+005, 0.45302613E+004, 0.79873864E+003,
349,356,4, 0.50900000E+002, 0.17679571E+005, 0.45302921E+004, 0.79882722E+003,
350,357,4, 0.51000000E+002, 0.17679502E+005, 0.45303229E+004, 0.79891597E+003,
351,358,4, 0.51100000E+002, 0.17679434E+005, 0.45303539E+004, 0.79900486E+003,
352,359,4, 0.51200000E+002, 0.17679367E+005, 0.45303849E+004, 0.79909391E+003,
353,360,4, 0.51300000E+002, 0.17679299E+005, 0.45304161E+004, 0.79918311E+003,
354,361,4, 0.51400000E+002, 0.17679232E+005, 0.45304474E+004, 0.79927246E+003,
355,362,4, 0.51500000E+002, 0.17679166E+005, 0.45304788E+004, 0.79936196E+003,
356,363,4, 0.51600000E+002, 0.17679100E+005, 0.45305102E+004, 0.79945160E+003,
357,364,4, 0.51700000E+002, 0.17679034E+005, 0.45305418E+004, 0.79954139E+003,
358,365,4, 0.51800000E+002, 0.17678969E+005, 0.45305736E+004, 0.79963132E+003,
359,366,4, 0.51900000E+002, 0.17678904E+005, 0.45306054E+004, 0.79972139E+003,
360,367,4, 0.52000000E+002, 0.17678840E+005, 0.45306372E+004, 0.79981161E+003,
361,368,4, 0.52100000E+002, 0.17678776E+005, 0.45306692E+004, 0.79990196E+003,
362,369,4, 0.52200000E+002, 0.17678712E+005, 0.45307013E+004, 0.79999245E+003,
363,370,4, 0.52300000E+002, 0.17678650E+005, 0.45307335E+004, 0.80008308E+003,
364,371,4, 0.52400000E+002, 0.17678588E+005, 0.45307658E+004, 0.80017384E+003,
365,372,4, 0.52500000E+002, 0.17678527E+005, 0.45307982E+004, 0.80026473E+003,
366,373,4, 0.52600000E+002, 0.17678467E+005, 0.45308306E+004, 0.80035575E+003,
367,374,4, 0.52700000E+002, 0.17678407E+005, 0.45308633E+004, 0.80044690E+003,
368,375,4, 0.52800000E+002, 0.17678347E+005, 0.45308960E+004, 0.80053817E+003,
369,376,4, 0.52900000E+002, 0.17678288E+005, 0.45309287E+004, 0.80062957E+003,
370,377,4, 0.53000000E+002, 0.17678229E+005, 0.45309616E+004, 0.80072110E+003,
371,378,4, 0.53100000E+002, 0.17678171E+005, 0.45309945E+004, 0.80081274E+003,
372,379,4, 0.53200000E+002, 0.17678113E+005, 0.45310277E+004, 0.80090451E+003,
373,380,4, 0.53300000E+002, 0.17678055E+005, 0.45310608E+004, 0.80099640E+003,
374,381,4, 0.53400000E+002, 0.17677998E+005, 0.45310941E+004, 0.80108841E+003,
375,382,4, 0.53500000E+002, 0.17677942E+005, 0.45311274E+004, 0.80118053E+003,
376,383,4, 0.53600000E+002, 0.17677886E+005, 0.45311608E+004, 0.80127276E+003,
377,384,4, 0.53700000E+002, 0.17677831E+005, 0.45311944E+004, 0.80136511E+003,
378,385,4, 0.53800000E+002, 0.17677776E+005, 0.45312280E+004, 0.80145757E+003,
379,386,4, 0.53900000E+002, 0.17677723E+005, 0.45312617E+004, 0.80155014E+003,
380,387,4, 0.54000000E+002, 0.17677670E+005, 0.45312954E+004, 0.80164281E+003,
381,388,4, 0.54100000E+002, 0.17677618E+005, 0.45313294E+004, 0.80173558E+003,
382,389,4, 0.54200000E+002, 0.17677565E+005, 0.45313634E+004, 0.80182846E+003,
383,390,4, 0.54300000E+002, 0.17677514E+005, 0.45313974E+004, 0.80192144E+003,
384,391,4, 0.54400000E+002, 0.17677463E+005, 0.45314315E+004, 0.80201453E+003,
385,392,4, 0.54500000E+002, 0.17677413E+005, 0.45314658E+004, 0.80210770E+003,
386,393,4, 0.54600000E+002, 0.17677363E+005, 0.45315001E+004, 0.80220098E+003,
387,394,4, 0.54700000E+002, 0.17677314E+005, 0.45315346E+004, 0.80229435E+003,
388,395,4, 0.54800000E+002, 0.17677265E+005, 0.45315690E+004, 0.80238782E+003,
389,396,4, 0.54900000E+002, 0.17677216E+005, 0.45316036E+004, 0.80248138E+003,
390,397,4, 0.55000000E+002, 0.17677168E+005, 0.45316382E+004, 0.80257503E+003,
391,398,4, 0.55100000E+002, 0.17677120E+005, 0.45316730E+004, 0.80266877E+003,
392,399,4, 0.55200000E+002, 0.17677073E+005, 0.45317079E+004, 0.80276260E+003,
393,400,4, 0.55300000E+002, 0.17677026E+005, 0.45317428E+004, 0.80285652E+003,
394,401,4, 0.55400000E+002, 0.17676979E+005, 0.45317777E+004, 0.80295052E+003,
395,402,4, 0.55500000E+002, 0.17676933E+005, 0.45318128E+004, 0.80304461E+003,
396,403,4, 0.55600000E+002, 0.17676888E+005, 0.45318480E+004, 0.80313878E+003,
397,404,4, 0.55700000E+002, 0.17676843E+005, 0.45318832E+004, 0.80323303E+003,
398,405,4, 0.55800000E+002, 0.17676799E+005, 0.45319185E+004, 0.80332737E+003,
399,406,4, 0.55900000E+002, 0.17676754E+005, 0.45319538E+004, 0.80342178E+003,
400,407,4, 0.56000000E+002, 0.17676710E+005, 0.45319893E+004, 0.80351627E+003,
401,408,4, 0.56100000E+002, 0.17676667E+005, 0.45320249E+004, 0.80361084E+003,
402,409,4, 0.56200000E+002, 0.17676624E+005, 0.45320604E+004, 0.80370548E+003,
403,410,4, 0.56300000E+002, 0.17676581E+005, 0.45320961E+004, 0.80380020E+003,
404,411,4, 0.56400000E+002, 0.17676538E+005, 0.45321318E+004, 0.80389499E+003,
405,412,4, 0.56500000E+002, 0.17676496E+005, 0.45321677E+004, 0.80398985E+003,
406,413,4, 0.56600000E+002, 0.17676454E+005, 0.45322036E+004, 0.80408478E+003,
407,414,4, 0.56700000E+002, 0.17676413E+005, 0.45322396E+004, 0.80417978E+003,
408,415,4, 0.56800000E+002, 0.17676372E+005, 0.45322756E+004, 0.80427486E+003,
409,416,4, 0.56900000E+002, 0.17676331E+005, 0.45323117E+004, 0.80436999E+003,
410,417,4, 0.57000000E+002, 0.17676290E+005, 0.45323479E+004, 0.80446520E+003,
411,418,4, 0.57100000E+002, 0.17676250E+005, 0.45323842E+004, 0.80456047E+003,
412,419,4, 0.57200000E+002, 0.17676210E+005, 0.45324205E+004, 0.80465581E+003,
413,420,4, 0.57300000E+002, 0.17676171E+005, 0.45324568E+004, 0.80475120E+003,
414,421,4, 0.57400000E+002, 0.17676132E+005, 0.45324933E+004, 0.80484666E+003,
415,422,4, 0.57500000E+002, 0.17676093E+005, 0.45325298E+004, 0.80494218E+003,
416,423,4, 0.57600000E+002, 0.17676055E+005, 0.45325664E+004, 0.80503777E+003,
417,424,4, 0.57700000E+002, 0.17676016E+005, 0.45326030E+004, 0.80513341E+003,
418,425,4, 0.57800000E+002, 0.17675978E+005, 0.45326397E+004, 0.80522910E+003,
419,426,4, 0.57900000E+002, 0.17675940E+005, 0.45326765E+004, 0.80532486E+003,
420,427,4, 0.58000000E+002, 0.17675901E+005, 0.45327133E+004, 0.80542067E+003,
421,428,4, 0.58100000E+002, 0.17675864E+005, 0.45327502E+004, 0.80551654E+003,
422,429,4, 0.58200000E+002, 0.17675826E+005, 0.45327871E+004, 0.80561247E+003,
423,430,4, 0.58300000E+002, 0.17675789E+005, 0.45328241E+004, 0.80570845E+003,
424,431,4, 0.58400000E+002, 0.17675752E+005, 0.45328612E+004, 0.80580448E+003,
425,432,4, 0.58500000E+002, 0.17675715E+005, 0.45328983E+004, 0.80590057E+003,
426,433,4, 0.58600000E+002, 0.17675678E+005, 0.45329355E+004, 0.80599671E+003,
427,434,4, 0.58700000E+002, 0.17675641E+005, 0.45329727E+004, 0.80609290E+003,
428,435,4, 0.58800000E+002, 0.17675605E+005, 0.45330100E+004, 0.80618914E+003,
429,436,4, 0.58900000E+002, 0.17675568E+005, 0.45330474E+004, 0.80628543E+003,
430,437,4, 0.59000000E+002, 0.17675532E+005, 0.45330848E+004, 0.80638176E+003,
431,438,4, 0.59100000E+002, 0.17675495E+005, 0.45331222E+004, 0.80647815E+003,
432,439,4, 0.59200000E+002, 0.17675459E+005, 0.45331597E+004, 0.80657459E+003,
433,440,4, 0.59300000E+002, 0.17675423E+005, 0.45331972E+004, 0.80667108E+003,
434,441,4, 0.59400000E+002, 0.17675386E+005, 0.45332349E+004, 0.80676761E+003,
435,442,4, 0.59500000E+002, 0.17675350E+005, 0.45332725E+004, 0.80686419E+003,
436,443,4, 0.59600000E+002, 0.17675314E+005, 0.45333101E+004, 0.80696082E+003,
437,444,4, 0.59700000E+002, 0.17675278E+005, 0.45333479E+004, 0.80705749E+003,
438,445,4, 0.59800000E+002, 0.17675242E+005, 0.45333857E+004, 0.80715421E+003,
439,446,4, 0.59900000E+002, 0.17675207E+005, 0.45334236E+004, 0.80725097E+003,
440,447,4, 0.60000000E+002, 0.17675171E+005, 0.45334614E+004, 0.80734778E+003,
441,448,4, 0.60100000E+002, 0.17675136E+005, 0.45334993E+004, 0.80744464E+003,
442,449,4, 0.60200000E+002, 0.17675100E+005, 0.45335373E+004, 0.80754153E+003,
443,450,4, 0.60300000E+002, 0.17675063E+005, 0.45335754E+004, 0.80763848E+003,
444,451,4, 0.60400000E+002, 0.17675027E+005, 0.45336134E+004, 0.80773547E+003,
445,452,4, 0.60500000E+002, 0.17674991E+005, 0.45336515E+004, 0.80783250E+003,
446,453,4, 0.60600000E+002, 0.17674955E+005, 0.45336896E+004, 0.80792958E+003,
447,454,4, 0.60700000E+002, 0.17674918E+005, 0.45337278E+004, 0.80802670E+003,
448,455,4, 0.60800000E+002, 0.17674881E+005, 0.45337661E+004, 0.80812386E+003,
449,456,4, 0.60900000E+002, 0.17674844E+005, 0.45338043E+004, 0.80822107E+003,
450,457,4, 0.61000000E+002, 0.17674807E+005, 0.45338426E+004, 0.80831833E+003,
451,458,4, 0.61100000E+002, 0.17674769E+005, 0.45338809E+004, 0.80841563E+003,
452,459,4, 0.61200000E+002, 0.17674732E+005, 0.45339193E+004, 0.80851298E+003,
453,460,4, 0.61300000E+002, 0.17674694E+005, 0.45339577E+004, 0.80861037E+003,
454,461,4, 0.61400000E+002, 0.17674656E+005, 0.45339961E+004, 0.80870780E+003,
455,462,4, 0.61500000E+002, 0.17674619E+005, 0.45340346E+004, 0.80880528E+003,
456,463,4, 0.61600000E+002, 0.17674581E+005, 0.45340730E+004, 0.80890281E+003,
457,464,4, 0.61700000E+002, 0.17674543E+005, 0.45341116E+004, 0.80900038E+003,
458,465,4, 0.61800000E+002, 0.17674505E+005, 0.45341502E+004, 0.80909799E+003,
459,466,4, 0.61900000E+002, 0.17674466E+005, 0.45341888E+004, 0.80919565E+003,
460,467,4, 0.62000000E+002, 0.17674428E+005, 0.45342274E+004, 0.80929336E+003,
461,468,4, 0.62100000E+002, 0.17674388E+005, 0.45342660E+004, 0.80939111E+003,
462,469,4, 0.62200000E+002, 0.17674349E+005, 0.45343048E+004, 0.80948891E+003,
463,470,4, 0.62300000E+002, 0.17674309E+005, 0.45343435E+004, 0.80958675E+003,
464,471,4, 0.62400000E+002, 0.17674269E+005, 0.45343822E+004, 0.80968464E+003,
465,472,4, 0.62500000E+002, 0.17674229E+005, 0.45344210E+004, 0.80978258E+003,
466,473,4, 0.62600000E+002, 0.17674188E+005, 0.45344598E+004, 0.80988057E+003,
467,474,4, 0.62700000E+002, 0.17674148E+005, 0.45344987E+004, 0.80997861E+003,
468,475,4, 0.62800000E+002, 0.17674107E+005, 0.45345375E+004, 0.81007669E+003,
469,476,4, 0.62900000E+002, 0.17674066E+005, 0.45345763E+004, 0.81017482E+003,
470,477,4, 0.63000000E+002, 0.17674024E+005, 0.45346152E+004, 0.81027301E+003,
471,478,4, 0.63100000E+002, 0.17673982E+005, 0.45346541E+004, 0.81037124E+003,
472,479,4, 0.63200000E+002, 0.17673940E+005, 0.45346931E+004, 0.81046952E+003,
473,480,4, 0.63300000E+002, 0.17673898E+005, 0.45347321E+004, 0.81056786E+003,
474,481,4, 0.63400000E+002, 0.17673856E+005, 0.45347710E+004, 0.81066624E+003,
475,482,4, 0.63500000E+002, 0.17673812E+005, 0.45348100E+004, 0.81076468E+003,
476,483,4, 0.63600000E+002, 0.17673769E+005, 0.45348490E+004, 0.81086317E+003,
477,484,4, 0.63700000E+002, 0.17673726E+005, 0.45348881E+004, 0.81096172E+003,
478,485,4, 0.63800000E+002, 0.17673682E+005, 0.45349271E+004, 0.81106031E+003,
479,486,4, 0.63900000E+002, 0.17673637E+005, 0.45349662E+004, 0.81115897E+003,
480,487,4, 0.64000000E+002, 0.17673593E+005, 0.45350053E+004, 0.81125768E+003,
481,488,4, 0.64100000E+002, 0.17673548E+005, 0.45350445E+004, 0.81135644E+003,
482,489,4, 0.64200000E+002, 0.17673501E+005, 0.45350836E+004, 0.81145526E+003,
483,490,4, 0.64300000E+002, 0.17673454E+005, 0.45351227E+004, 0.81155414E+003,
484,491,4, 0.64400000E+002, 0.17673406E+005, 0.45351618E+004, 0.81165308E+003,
485,492,4, 0.64500000E+002, 0.17673358E+005, 0.45352010E+004, 0.81175209E+003,
486,493,4, 0.64600000E+002, 0.17673308E+005, 0.45352403E+004, 0.81185115E+003,
487,494,4, 0.64700000E+002, 0.17673258E+005, 0.45352795E+004, 0.81195028E+003,
488,495,4, 0.64800000E+002, 0.17673207E+005, 0.45353186E+004, 0.81204948E+003,
489,496,4, 0.64900000E+002, 0.17673156E+005, 0.45353578E+004, 0.81214874E+003,
490,497,4, 0.65000000E+002, 0.17673104E+005, 0.45353971E+004, 0.81224807E+003,
491,498,4, 0.65100000E+002, 0.17673051E+005, 0.45354364E+004, 0.81234747E+003,
492,499,4, 0.65200000E+002, 0.17672998E+005, 0.45354756E+004, 0.81244695E+003,
493,500,4, 0.65300000E+002, 0.17672944E+005, 0.45355148E+004, 0.81254649E+003,
494,501,4, 0.65400000E+002, 0.17672890E+005, 0.45355541E+004, 0.81264610E+003,
495,502,4, 0.65500000E+002, 0.17672835E+005, 0.45355934E+004, 0.81274579E+003,
496,503,4, 0.65600000E+002, 0.17672779E+005, 0.45356328E+004, 0.81284555E+003,
497,504,4, 0.65700000E+002, 0.17672722E+005, 0.45356720E+004, 0.81294539E+003,
498,505,4, 0.65800000E+002, 0.17672665E+005, 0.45357113E+004, 0.81304530E+003,
499,506,4, 0.65900000E+002, 0.17672607E+005, 0.45357506E+004, 0.81314529E+003,
500,507,4, 0.66000000E+002, 0.17672549E+005, 0.45357900E+004, 0.81324537E+003,
501,508,4, 0.66100000E+002, 0.17672490E+005, 0.45358294E+004, 0.81334552E+003,
502,509,4, 0.66200000E+002, 0.17672430E+005, 0.45358687E+004, 0.81344576E+003,
503,510,4, 0.66300000E+002, 0.17672369E+005, 0.45359080E+004, 0.81354608E+003,
504,511,4, 0.66400000E+002, 0.17672307E+005, 0.45359474E+004, 0.81364648E+003,
505,512,4, 0.66500000E+002, 0.17672245E+005, 0.45359868E+004, 0.81374698E+003,
506,513,4, 0.66600000E+002, 0.17672182E+005, 0.45360261E+004, 0.81384756E+003,
507,514,4, 0.66700000E+002, 0.17672118E+005, 0.45360655E+004, 0.81394823E+003,
508,515,4, 0.66800000E+002, 0.17672053E+005, 0.45361048E+004, 0.81404899E+003,
509,516,4, 0.66900000E+002, 0.17671989E+005, 0.45361442E+004, 0.81414984E+003,
510,517,4, 0.67000000E+002, 0.17671923E+005, 0.45361836E+004, 0.81425078E+003,
511,518,4, 0.67100000E+002, 0.17671856E+005, 0.45362230E+004, 0.81435182E+003,
512,519,4, 0.67200000E+002, 0.17671788E+005, 0.45362623E+004, 0.81445295E+003,
513,520,4, 0.67300000E+002, 0.17671718E+005, 0.45363017E+004, 0.81455419E+003,
514,521,4, 0.67400000E+002, 0.17671648E+005, 0.45363412E+004, 0.81465553E+003,
515,522,4, 0.67500000E+002, 0.17671577E+005, 0.45363806E+004, 0.81475697E+003,
516,523,4, 0.67600000E+002, 0.17671504E+005, 0.45364200E+004, 0.81485852E+003,
517,524,4, 0.67700000E+002, 0.17671429E+005, 0.45364593E+004, 0.81496018E+003,
518,525,4, 0.67800000E+002, 0.17671354E+005, 0.45364987E+004, 0.81506195E+003,
519,526,4, 0.67900000E+002, 0.17671277E+005, 0.45365382E+004, 0.81516383E+003,
520,527,4, 0.68000000E+002, 0.17671199E+005, 0.45365776E+004, 0.81526584E+003,
521,528,4, 0.68100000E+002, 0.17671120E+005, 0.45366170E+004, 0.81536796E+003,
522,529,4, 0.68200000E+002, 0.17671040E+005, 0.45366564E+004, 0.81547020E+003,
523,530,4, 0.68300000E+002, 0.17670959E+005, 0.45366958E+004, 0.81557257E+003,
524,531,4, 0.68400000E+002, 0.17670877E+005, 0.45367353E+004, 0.81567506E+003,
525,532,4, 0.68500000E+002, 0.17670794E+005, 0.45367746E+004, 0.81577768E+003,
526,533,4, 0.68600000E+002, 0.17670709E+005, 0.45368140E+004, 0.81588043E+003,
527,534,4, 0.68700000E+002, 0.17670624E+005, 0.45368534E+004, 0.81598331E+003,
528,535,4, 0.68800000E+002, 0.17670537E+005, 0.45368928E+004, 0.81608633E+003,
529,536,4, 0.68900000E+002, 0.17670449E+005, 0.45369323E+004, 0.81618948E+003,
530,537,4, 0.69000000E+002, 0.17670360E+005, 0.45369717E+004, 0.81629278E+003,
531,538,4, 0.69100000E+002, 0.17670270E+005, 0.45370110E+004, 0.81639622E+003,
532,539,4, 0.69200000E+002, 0.17670178E+005, 0.45370504E+004, 0.81649980E+003,
533,540,4, 0.69300000E+002, 0.17670085E+005, 0.45370899E+004, 0.81660353E+003,
534,541,4, 0.69400000E+002, 0.17669991E+005, 0.45371294E+004, 0.81670741E+003,
535,542,4, 0.69500000E+002, 0.17669896E+005, 0.45371687E+004, 0.81681144E+003,
536,543,4, 0.69600000E+002, 0.17669799E+005, 0.45372081E+004, 0.81691563E+003,
537,544,4, 0.69700000E+002, 0.17669701E+005, 0.45372475E+004, 0.81701998E+003,
538,545,4, 0.69800000E+002, 0.17669601E+005, 0.45372870E+004, 0.81712449E+003,
539,546,4, 0.69900000E+002, 0.17669500E+005, 0.45373264E+004, 0.81722916E+003,
540,547,4, 0.70000000E+002, 0.17669397E+005, 0.45373658E+004, 0.81733400E+003,
541,548,4, 0.70100000E+002, 0.17669293E+005, 0.45374052E+004, 0.81743900E+003,
542,549,4, 0.70200000E+002, 0.17669188E+005, 0.45374446E+004, 0.81754418E+003,
543,550,4, 0.70300000E+002, 0.17669081E+005, 0.45374841E+004, 0.81764954E+003,
544,551,4, 0.70400000E+002, 0.17668974E+005, 0.45375235E+004, 0.81775507E+003,
545,552,4, 0.70500000E+002, 0.17668865E+005, 0.45375628E+004, 0.81786077E+003,
546,553,4, 0.70600000E+002, 0.17668755E+005, 0.45376022E+004, 0.81796667E+003,
547,554,4, 0.70700000E+002, 0.17668643E+005, 0.45376417E+004, 0.81807274E+003,
548,555,4, 0.70800000E+002, 0.17668528E+005, 0.45376811E+004, 0.81817901E+003,
549,556,4, 0.70900000E+002, 0.17668412E+005, 0.45377205E+004, 0.81828547E+003,
550,557,4, 0.71000000E+002, 0.17668294E+005, 0.45377599E+004, 0.81839213E+003,
551,558,4, 0.71100000E+002, 0.17668175E+005, 0.45377993E+004, 0.81849898E+003,
552,559,4, 0.71200000E+002, 0.17668055E+005, 0.45378388E+004, 0.81860603E+003,
553,560,4, 0.71300000E+002, 0.17667933E+005, 0.45378783E+004, 0.81871329E+003,
554,561,4, 0.71400000E+002, 0.17667811E+005, 0.45379177E+004, 0.81882076E+003,
555,562,4, 0.71500000E+002, 0.17667687E+005, 0.45379571E+004, 0.81892843E+003,
556,563,4, 0.71600000E+002, 0.17667562E+005, 0.45379965E+004, 0.81903631E+003,
557,564,4, 0.71700000E+002, 0.17667436E+005, 0.45380360E+004, 0.81914441E+003,
558,565,4, 0.71800000E+002, 0.17667308E+005, 0.45380755E+004, 0.81925272E+003,
559,566,4, 0.71900000E+002, 0.17667179E+005, 0.45381149E+004, 0.81936126E+003,
560,567,4, 0.72000000E+002, 0.17667048E+005, 0.45381543E+004, 0.81947001E+003,
561,568,4, 0.72100000E+002, 0.17666916E+005, 0.45381938E+004, 0.81957899E+003,
562,569,4, 0.72200000E+002, 0.17666783E+005, 0.45382333E+004, 0.81968820E+003,
563,570,4, 0.72300000E+002, 0.17666647E+005, 0.45382727E+004, 0.81979763E+003,
564,571,4, 0.72400000E+002, 0.17666511E+005, 0.45383121E+004, 0.81990731E+003,
565,572,4, 0.72500000E+002, 0.17666373E+005, 0.45383516E+004, 0.82001722E+003,
566,573,4, 0.72600000E+002, 0.17666233E+005, 0.45383911E+004, 0.82012737E+003,
567,574,4, 0.72700000E+002, 0.17666092E+005, 0.45384307E+004, 0.82023776E+003,
568,575,4, 0.72800000E+002, 0.17665949E+005, 0.45384701E+004, 0.82034840E+003,
569,576,4, 0.72900000E+002, 0.17665805E+005, 0.45385096E+004, 0.82045929E+003,
570,577,4, 0.73000000E+002, 0.17665659E+005, 0.45385491E+004, 0.82057043E+003,
571,578,4, 0.73100000E+002, 0.17665512E+005, 0.45385887E+004, 0.82068183E+003,
572,579,4, 0.73200000E+002, 0.17665363E+005, 0.45386282E+004, 0.82079349E+003,
573,580,4, 0.73300000E+002, 0.17665213E+005, 0.45386677E+004, 0.82090541E+003,
574,581,4, 0.73400000E+002, 0.17665059E+005, 0.45387073E+004, 0.82101760E+003,
575,582,4, 0.73500000E+002, 0.17664904E+005, 0.45387468E+004, 0.82113006E+003,
576,583,4, 0.73600000E+002, 0.17664746E+005, 0.45387865E+004, 0.82124279E+003,
577,584,4, 0.73700000E+002, 0.17664586E+005, 0.45388260E+004, 0.82135581E+003,
578,585,4, 0.73800000E+002, 0.17664423E+005, 0.45388656E+004, 0.82146910E+003,
579,586,4, 0.73900000E+002, 0.17664259E+005, 0.45389052E+004, 0.82158268E+003,
580,587,4, 0.74000000E+002, 0.17664093E+005, 0.45389448E+004, 0.82169656E+003,
581,588,4, 0.74100000E+002, 0.17663924E+005, 0.45389845E+004, 0.82181073E+003,
582,589,4, 0.74200000E+002, 0.17663754E+005, 0.45390241E+004, 0.82192520E+003,
583,590,4, 0.74300000E+002, 0.17663583E+005, 0.45390637E+004, 0.82203997E+003,
584,591,4, 0.74400000E+002, 0.17663410E+005, 0.45391034E+004, 0.82215504E+003,
585,592,4, 0.74500000E+002, 0.17663235E+005, 0.45391432E+004, 0.82227043E+003,
586,593,4, 0.74600000E+002, 0.17663059E+005, 0.45391829E+004, 0.82238612E+003,
587,594,4, 0.74700000E+002, 0.17662882E+005, 0.45392226E+004, 0.82250213E+003,
588,595,4, 0.74800000E+002, 0.17662702E+005, 0.45392624E+004, 0.82261846E+003,
589,596,4, 0.74900000E+002, 0.17662520E+005, 0.45393021E+004, 0.82273512E+003,
590,597,4, 0.75000000E+002, 0.17662336E+005, 0.45393420E+004, 0.82285210E+003,
591,598,4, 0.75100000E+002, 0.17662148E+005, 0.45393818E+004, 0.82296942E+003,
592,599,4, 0.75200000E+002, 0.17661958E+005, 0.45394216E+004, 0.82308708E+003,
593,600,4, 0.75300000E+002, 0.17661767E+005, 0.45394614E+004, 0.82320508E+003,
594,601,4, 0.75400000E+002, 0.17661574E+005, 0.45395014E+004, 0.82332344E+003,
595,602,4, 0.75500000E+002, 0.17661378E+005, 0.45395413E+004, 0.82344215E+003,
596,603,4, 0.75600000E+002, 0.17661181E+005, 0.45395812E+004, 0.82356121E+003,
597,604,4, 0.75700000E+002, 0.17660982E+005, 0.45396211E+004, 0.82368063E+003,
598,605,4, 0.75800000E+002, 0.17660780E+005, 0.45396611E+004, 0.82380042E+003,
599,606,4, 0.75900000E+002, 0.17660575E+005, 0.45397012E+004, 0.82392057E+003,
600,607,4, 0.76000000E+002, 0.17660366E+005, 0.45397412E+004, 0.82404110E+003,
601,608,4, 0.76100000E+002, 0.17660154E+005, 0.45397813E+004, 0.82416200E+003,
602,609,4, 0.76200000E+002, 0.17659939E+005, 0.45398213E+004, 0.82428329E+003,
603,610,4, 0.76300000E+002, 0.17659724E+005, 0.45398615E+004, 0.82440496E+003,
604,611,4, 0.76400000E+002, 0.17659508E+005, 0.45399017E+004, 0.82452701E+003,
605,612,4, 0.76500000E+002, 0.17659289E+005, 0.45399419E+004, 0.82464945E+003,
606,613,4, 0.76600000E+002, 0.17659069E+005, 0.45399821E+004, 0.82477228E+003,
607,614,4, 0.76700000E+002, 0.17658848E+005, 0.45400223E+004, 0.82489549E+003,
608,615,4, 0.76800000E+002, 0.17658624E+005, 0.45400626E+004, 0.82501910E+003,
609,616,4, 0.76900000E+002, 0.17658399E+005, 0.45401030E+004, 0.82514310E+003,
610,617,4, 0.77000000E+002, 0.17658171E+005, 0.45401434E+004, 0.82526750E+003,
611,618,4, 0.77100000E+002, 0.17657941E+005, 0.45401838E+004, 0.82539230E+003,
612,619,4, 0.77200000E+002, 0.17657709E+005, 0.45402242E+004, 0.82551751E+003,
613,620,4, 0.77300000E+002, 0.17657475E+005, 0.45402647E+004, 0.82564313E+003,
614,621,4, 0.77400000E+002, 0.17657239E+005, 0.45403053E+004, 0.82576916E+003,
615,622,4, 0.77500000E+002, 0.17657000E+005, 0.45403459E+004, 0.82589560E+003,
616,623,4, 0.77600000E+002, 0.17656761E+005, 0.45403864E+004, 0.82602246E+003,
617,624,4, 0.77700000E+002, 0.17656519E+005, 0.45404271E+004, 0.82614974E+003,
618,625,4, 0.77800000E+002, 0.17656274E+005, 0.45404679E+004, 0.82627745E+003,
619,626,4, 0.77900000E+002, 0.17656026E+005, 0.45405086E+004, 0.82640558E+003,
620,627,4, 0.78000000E+002, 0.17655775E+005, 0.45405494E+004, 0.82653414E+003,
621,628,4, 0.78100000E+002, 0.17655521E+005, 0.45405902E+004, 0.82666314E+003,
622,629,4, 0.78200000E+002, 0.17655265E+005, 0.45406311E+004, 0.82679258E+003,
623,630,4, 0.78300000E+002, 0.17655006E+005, 0.45406722E+004, 0.82692247E+003,
624,631,4, 0.78400000E+002, 0.17654745E+005, 0.45407132E+004, 0.82705280E+003,
625,632,4, 0.78500000E+002, 0.17654479E+005, 0.45407542E+004, 0.82718358E+003,
626,633,4, 0.78600000E+002, 0.17654209E+005, 0.45407953E+004, 0.82731482E+003,
627,634,4, 0.78700000E+002, 0.17653936E+005, 0.45408365E+004, 0.82744653E+003,
628,635,4, 0.78800000E+002, 0.17653659E+005, 0.45408777E+004, 0.82757871E+003,
629,636,4, 0.78900000E+002, 0.17653378E+005, 0.45409190E+004, 0.82771137E+003,
630,637,4, 0.79000000E+002, 0.17653094E+005, 0.45409603E+004, 0.82784451E+003,
631,638,4, 0.79100000E+002, 0.17652807E+005, 0.45410017E+004, 0.82797813E+003,
632,639,4, 0.79200000E+002, 0.17652517E+005, 0.45410432E+004, 0.82811225E+003,
633,640,4, 0.79300000E+002, 0.17652224E+005, 0.45410848E+004, 0.82824686E+003,
634,641,4, 0.79400000E+002, 0.17651927E+005, 0.45411263E+004, 0.82838197E+003,
635,642,4, 0.79500000E+002, 0.17651627E+005, 0.45411679E+004, 0.82851759E+003,
636,643,4, 0.79600000E+002, 0.17651322E+005, 0.45412096E+004, 0.82865372E+003,
637,644,4, 0.79700000E+002, 0.17651013E+005, 0.45412515E+004, 0.82879038E+003,
638,645,4, 0.79800000E+002, 0.17650700E+005, 0.45412934E+004, 0.82892756E+003,
639,646,4, 0.79900000E+002, 0.17650387E+005, 0.45413353E+004, 0.82906526E+003,
640,647,4, 0.80000000E+002, 0.17650070E+005, 0.45413772E+004, 0.82920350E+003,
641,648,4, 0.80100000E+002, 0.17649749E+005, 0.45414193E+004, 0.82934228E+003,
642,649,4, 0.80200000E+002, 0.17649425E+005, 0.45414616E+004, 0.82948161E+003,
643,650,4, 0.80300000E+002, 0.17649097E+005, 0.45415038E+004, 0.82962148E+003,
644,651,4, 0.80400000E+002, 0.17648766E+005, 0.45415460E+004, 0.82976190E+003,
645,652,4, 0.80500000E+002, 0.17648430E+005, 0.45415884E+004, 0.82990289E+003,
646,653,4, 0.80600000E+002, 0.17648088E+005, 0.45416309E+004, 0.83004444E+003,
647,654,4, 0.80700000E+002, 0.17647740E+005, 0.45416735E+004, 0.83018658E+003,
648,655,4, 0.80800000E+002, 0.17647389E+005, 0.45417161E+004, 0.83032930E+003,
649,656,4, 0.80900000E+002, 0.17647038E+005, 0.45417587E+004, 0.83047261E+003,
650,657,4, 0.81000000E+002, 0.17646685E+005, 0.45418015E+004, 0.83061650E+003,
651,658,4, 0.81100000E+002, 0.17646330E+005, 0.45418444E+004, 0.83076099E+003,
652,659,4, 0.81200000E+002, 0.17645970E+005, 0.45418874E+004, 0.83090607E+003,
653,660,4, 0.81300000E+002, 0.17645604E+005, 0.45419304E+004, 0.83105177E+003,
654,661,4, 0.81400000E+002, 0.17645241E+005, 0.45419735E+004, 0.83119807E+003,
655,662,4, 0.81500000E+002, 0.17644885E+005, 0.45420168E+004, 0.83134497E+003,
656,663,4, 0.81600000E+002, 0.17644523E+005, 0.45420602E+004, 0.83149248E+003,
657,664,4, 0.81700000E+002, 0.17644153E+005, 0.45421036E+004, 0.83164060E+003,
658,665,4, 0.81800000E+002, 0.17643791E+005, 0.45421471E+004, 0.83178933E+003,
659,666,4, 0.81900000E+002, 0.17643424E+005, 0.45421906E+004, 0.83193868E+003,
660,667,4, 0.82000000E+002, 0.17643052E+005, 0.45422344E+004, 0.83208865E+003,
661,668,4, 0.82100000E+002, 0.17642682E+005, 0.45422783E+004, 0.83223924E+003,
662,669,4, 0.82200000E+002, 0.17642307E+005, 0.45423221E+004, 0.83239047E+003,
663,670,4, 0.82300000E+002, 0.17641929E+005, 0.45423661E+004, 0.83254232E+003,
664,671,4, 0.82400000E+002, 0.17641545E+005, 0.45424102E+004, 0.83269482E+003,
665,672,4, 0.82500000E+002, 0.17641153E+005, 0.45424545E+004, 0.83284798E+003,
666,673,4, 0.82600000E+002, 0.17640752E+005, 0.45424989E+004, 0.83300180E+003,
667,674,4, 0.82700000E+002, 0.17640328E+005, 0.45425433E+004, 0.83315632E+003,
668,675,4, 0.82800000E+002, 0.17639911E+005, 0.45425878E+004, 0.83331153E+003,
669,676,4, 0.82900000E+002, 0.17639491E+005, 0.45426325E+004, 0.83346742E+003,
670,677,4, 0.83000000E+002, 0.17639079E+005, 0.45426773E+004, 0.83362399E+003,
671,678,4, 0.83100000E+002, 0.17638671E+005, 0.45427223E+004, 0.83378124E+003,
672,679,4, 0.83200000E+002, 0.17638259E+005, 0.45427672E+004, 0.83393916E+003,
673,680,4, 0.83300000E+002, 0.17637846E+005, 0.45428123E+004, 0.83409776E+003,
674,681,4, 0.83400000E+002, 0.17637434E+005, 0.45428576E+004, 0.83425703E+003,
675,682,4, 0.83500000E+002, 0.17636997E+005, 0.45429030E+004, 0.83441701E+003,
676,683,4, 0.83600000E+002, 0.17636556E+005, 0.45429485E+004, 0.83457771E+003,
677,684,4, 0.83700000E+002, 0.17636113E+005, 0.45429941E+004, 0.83473911E+003,
678,685,4, 0.83800000E+002, 0.17635644E+005, 0.45430398E+004, 0.83490127E+003,
679,686,4, 0.83900000E+002, 0.17635160E+005, 0.45430857E+004, 0.83506421E+003,
680,687,4, 0.84000000E+002, 0.17634666E+005, 0.45431318E+004, 0.83522795E+003,
681,688,4, 0.84100000E+002, 0.17634179E+005, 0.45431779E+004, 0.83539246E+003,
682,689,4, 0.84200000E+002, 0.17633682E+005, 0.45432241E+004, 0.83555774E+003,
683,690,4, 0.84300000E+002, 0.17633184E+005, 0.45432705E+004, 0.83572381E+003,
684,691,4, 0.84400000E+002, 0.17632679E+005, 0.45433171E+004, 0.83589068E+003,
685,692,4, 0.84500000E+002, 0.17632166E+005, 0.45433638E+004, 0.83605836E+003,
686,693,4, 0.84600000E+002, 0.17631647E+005, 0.45434106E+004, 0.83622687E+003,
687,694,4, 0.84700000E+002, 0.17631134E+005, 0.45434575E+004, 0.83639619E+003,
688,695,4, 0.84800000E+002, 0.17630617E+005, 0.45435046E+004, 0.83656634E+003,
689,696,4, 0.84900000E+002, 0.17630100E+005, 0.45435519E+004, 0.83673733E+003,
690,697,4, 0.85000000E+002, 0.17629589E+005, 0.45435993E+004, 0.83690914E+003,
691,698,4, 0.85100000E+002, 0.17629075E+005, 0.45436468E+004, 0.83708178E+003,
692,699,4, 0.85200000E+002, 0.17628556E+005, 0.45436945E+004, 0.83725526E+003,
693,700,4, 0.85300000E+002, 0.17628033E+005, 0.45437423E+004, 0.83742957E+003,
694,701,4, 0.85400000E+002, 0.17627504E+005, 0.45437904E+004, 0.83760472E+003,
695,702,4, 0.85500000E+002, 0.17626976E+005, 0.45438385E+004, 0.83778070E+003,
696,703,4, 0.85600000E+002, 0.17626432E+005, 0.45438868E+004, 0.83795753E+003,
697,704,4, 0.85700000E+002, 0.17625876E+005, 0.45439352E+004, 0.83813522E+003,
698,705,4, 0.85800000E+002, 0.17625295E+005, 0.45439839E+004, 0.83831379E+003,
699,706,4, 0.85900000E+002, 0.17624728E+005, 0.45440327E+004, 0.83849323E+003,
700,707,4, 0.86000000E+002, 0.17624143E+005, 0.45440816E+004, 0.83867355E+003,
701,708,4, 0.86100000E+002, 0.17623577E+005, 0.45441307E+004, 0.83885474E+003,
702,709,4, 0.86200000E+002, 0.17623011E+005, 0.45441800E+004, 0.83903679E+003,
703,710,4, 0.86300000E+002, 0.17622456E+005, 0.45442296E+004, 0.83921971E+003,
704,711,4, 0.86400000E+002, 0.17621878E+005, 0.45442792E+004, 0.83940350E+003,
705,712,4, 0.86500000E+002, 0.17621309E+005, 0.45443289E+004, 0.83958816E+003,
706,713,4, 0.86600000E+002, 0.17620748E+005, 0.45443789E+004, 0.83977369E+003,
707,714,4, 0.86700000E+002, 0.17620199E+005, 0.45444291E+004, 0.83996008E+003,
708,715,4, 0.86800000E+002, 0.17619638E+005, 0.45444795E+004, 0.84014734E+003,
709,716,4, 0.86900000E+002, 0.17619084E+005, 0.45445300E+004, 0.84033544E+003,
710,717,4, 0.87000000E+002, 0.17618516E+005, 0.45445806E+004, 0.84052440E+003,
711,718,4, 0.87100000E+002, 0.17617932E+005, 0.45446315E+004, 0.84071424E+003,
712,719,4, 0.87200000E+002, 0.17617311E+005, 0.45446826E+004, 0.84090498E+003,
713,720,4, 0.87300000E+002, 0.17616680E+005, 0.45447339E+004, 0.84109665E+003,
714,721,4, 0.87400000E+002, 0.17616021E+005, 0.45447853E+004, 0.84128928E+003,
715,722,4, 0.87500000E+002, 0.17615353E+005, 0.45448369E+004, 0.84148286E+003,
716,723,4, 0.87600000E+002, 0.17614666E+005, 0.45448887E+004, 0.84167743E+003,
717,724,4, 0.87700000E+002, 0.17613963E+005, 0.45449409E+004, 0.84187299E+003,
718,725,4, 0.87800000E+002, 0.17613240E+005, 0.45449931E+004, 0.84206958E+003,
719,726,4, 0.87900000E+002, 0.17612522E+005, 0.45450455E+004, 0.84226718E+003,
720,727,4, 0.88000000E+002, 0.17611778E+005, 0.45450981E+004, 0.84246584E+003,
721,728,4, 0.88100000E+002, 0.17611046E+005, 0.45451510E+004, 0.84266554E+003,
722,729,4, 0.88200000E+002, 0.17610318E+005, 0.45452042E+004, 0.84286630E+003,
723,730,4, 0.88300000E+002, 0.17609579E+005, 0.45452574E+004, 0.84306812E+003,
724,731,4, 0.88400000E+002, 0.17608864E+005, 0.45453109E+004, 0.84327098E+003,
725,732,4, 0.88500000E+002, 0.17608171E+005, 0.45453645E+004, 0.84347485E+003,
726,733,4, 0.88600000E+002, 0.17607458E+005, 0.45454185E+004, 0.84367976E+003,
727,734,4, 0.88700000E+002, 0.17606729E+005, 0.45454727E+004, 0.84388573E+003,
728,735,4, 0.88710000E+002, 0.17605476E+005, 0.45454783E+004, 0.84390644E+003,
